FQ1	FQ2	ID	LB	SM	PL
BGI1-RET2-AB1-trim-1.fq.gz	BGI1-RET2-AB1-trim-2.fq.gz	BGI1-RET2-AB1	RET2	AB1	
BGI2-RET2-AB1-trim-1.fq.gz	BGI2-RET2-AB1-trim-2.fq.gz	BGI2-RET2-AB1	RET2	AB1	
BGI3-RET2b-AB1-trim-1.fq.gz	BGI3-RET2b-AB1-trim-2.fq.gz	BGI3-RET2b-AB1	RET2b	AB1	
MMP-ML_2-AB1-trim-1.fq.gz	MMP-ML_2-AB1-trim-2.fq.gz	MMP-ML_2-AB1	ML_2	AB1	
MMP-ML_3-AB1-trim-1.fq.gz	MMP-ML_3-AB1-trim-2.fq.gz	MMP-ML_3-AB1	ML_3	AB1	
MMP-ML_5-AB1-trim-1.fq.gz	MMP-ML_5-AB1-trim-2.fq.gz	MMP-ML_5-AB1	ML_5	AB1	
MMP-ML_6-AB1-trim-1.fq.gz	MMP-ML_6-AB1-trim-2.fq.gz	MMP-ML_6-AB1	ML_6	AB1	
MMP-ML_7-AB1-trim-1.fq.gz	MMP-ML_7-AB1-trim-2.fq.gz	MMP-ML_7-AB1	ML_7	AB1	
Rockman-R096.2-AB1-trim-1.fq.gz	Rockman-R096.2-AB1-trim-2.fq.gz	Rockman-R096.2-AB1	R096.2	AB1	
BGI1-RET2-AB4-trim-1.fq.gz	BGI1-RET2-AB4-trim-2.fq.gz	BGI1-RET2-AB4	RET2	AB4	
BGI2-RET2-AB4-trim-1.fq.gz	BGI2-RET2-AB4-trim-2.fq.gz	BGI2-RET2-AB4	RET2	AB4	
BGI3-RET2a-AB4-trim-1.fq.gz	BGI3-RET2a-AB4-trim-2.fq.gz	BGI3-RET2a-AB4	RET2a	AB4	
MMP-ML_2-AB3-trim-1.fq.gz	MMP-ML_2-AB3-trim-2.fq.gz	MMP-ML_2-AB3	ML_2	AB4	
MMP-ML_3-AB3-trim-1.fq.gz	MMP-ML_3-AB3-trim-2.fq.gz	MMP-ML_3-AB3	ML_3	AB4	
MMP-ML_5-AB3-trim-1.fq.gz	MMP-ML_5-AB3-trim-2.fq.gz	MMP-ML_5-AB3	ML_5	AB4	
MMP-ML_6-AB3-trim-1.fq.gz	MMP-ML_6-AB3-trim-2.fq.gz	MMP-ML_6-AB3	ML_6	AB4	
MMP-ML_7-AB3-trim-1.fq.gz	MMP-ML_7-AB3-trim-2.fq.gz	MMP-ML_7-AB3	ML_7	AB4	
Rockman-R999.1-AB2-trim-1.fq.gz	Rockman-R999.1-AB2-trim-2.fq.gz	Rockman-R999.1-AB2	R999.1	AB4	
Princeton1-PL_10-AB4-trim-1.fq.gz	Princeton1-PL_10-AB4-trim-2.fq.gz	Princeton1-PL_10-AB4	PL_10	AB4	
Princeton1-PL_11-AB4-trim-1.fq.gz	Princeton1-PL_11-AB4-trim-2.fq.gz	Princeton1-PL_11-AB4	PL_11	AB4	
Princeton1-PL_12-AB4-trim-1.fq.gz	Princeton1-PL_12-AB4-trim-2.fq.gz	Princeton1-PL_12-AB4	PL_12	AB4	
UChicago2-L008-BRC20067-TAAGGCGA-AGAGTAGA-trim-1.fq.gz	UChicago2-L008-BRC20067-TAAGGCGA-AGAGTAGA-trim-2.fq.gz	UChicago2-L008-BRC20067	L008	BRC20067	
UChicago-EA2-BRC20067-TAAGGCGA-AGAGTAGA-trim-1.fq.gz	UChicago-EA2-BRC20067-TAAGGCGA-AGAGTAGA-trim-2.fq.gz	UChicago-EA2-BRC20067	EA2	BRC20067	
BGI1-RET3-ECA243-trim-1.fq.gz	BGI1-RET3-ECA243-trim-2.fq.gz	BGI1-RET3-ECA243	RET3	CB4851	
BGI2-RET3-ECA243-trim-1.fq.gz	BGI2-RET3-ECA243-trim-2.fq.gz	BGI2-RET3-ECA243	RET3	CB4851	
BGI3-RET3b-ECA243-trim-1.fq.gz	BGI3-RET3b-ECA243-trim-2.fq.gz	BGI3-RET3b-ECA243	RET3b	CB4851	
Princeton1-PL_22-CB4851-trim-1.fq.gz	Princeton1-PL_22-CB4851-trim-2.fq.gz	Princeton1-PL_22-CB4851	PL_22	CB4851	
Princeton1-PL_23-CB4851-trim-1.fq.gz	Princeton1-PL_23-CB4851-trim-2.fq.gz	Princeton1-PL_23-CB4851	PL_23	CB4851	
BGI1-RET1-CB4852-trim-1.fq.gz	BGI1-RET1-CB4852-trim-2.fq.gz	BGI1-RET1-CB4852	RET1	CB4852	
BGI1-RET4-CB4852-trim-1.fq.gz	BGI1-RET4-CB4852-trim-2.fq.gz	BGI1-RET4-CB4852	RET4	CB4852	
BGI2-RET1-CB4852-trim-1.fq.gz	BGI2-RET1-CB4852-trim-2.fq.gz	BGI2-RET1-CB4852	RET1	CB4852	
BGI2-RET4-CB4852-trim-1.fq.gz	BGI2-RET4-CB4852-trim-2.fq.gz	BGI2-RET4-CB4852	RET4	CB4852	
BGI3-RET1b-CB4852-trim-1.fq.gz	BGI3-RET1b-CB4852-trim-2.fq.gz	BGI3-RET1b-CB4852	RET1b	CB4852	
Rockman-R096.2-CB4852-trim-1.fq.gz	Rockman-R096.2-CB4852-trim-2.fq.gz	Rockman-R096.2-CB4852	R096.2	CB4852	
Princeton1-PL_10-CB4852-trim-1.fq.gz	Princeton1-PL_10-CB4852-trim-2.fq.gz	Princeton1-PL_10-CB4852	PL_10	CB4852	
Princeton1-PL_11-CB4852-trim-1.fq.gz	Princeton1-PL_11-CB4852-trim-2.fq.gz	Princeton1-PL_11-CB4852	PL_11	CB4852	
BGI1-RET3-ECA246-trim-1.fq.gz	BGI1-RET3-ECA246-trim-2.fq.gz	BGI1-RET3-ECA246	RET3	CB4853	
BGI2-RET3-ECA246-trim-1.fq.gz	BGI2-RET3-ECA246-trim-2.fq.gz	BGI2-RET3-ECA246	RET3	CB4853	
BGI2-RET6-ECA245-trim-1.fq.gz	BGI2-RET6-ECA245-trim-2.fq.gz	BGI2-RET6-ECA245	RET6	CB4853	
BGI3-RET3a-ECA246-trim-1.fq.gz	BGI3-RET3a-ECA246-trim-2.fq.gz	BGI3-RET3a-ECA246	RET3a	CB4853	
BGI3-RET6a-ECA245-trim-1.fq.gz	BGI3-RET6a-ECA245-trim-2.fq.gz	BGI3-RET6a-ECA245	RET6a	CB4853	
MMP-ML_2-CB4853-trim-1.fq.gz	MMP-ML_2-CB4853-trim-2.fq.gz	MMP-ML_2-CB4853	ML_2	CB4853	
MMP-ML_3-CB4853-trim-1.fq.gz	MMP-ML_3-CB4853-trim-2.fq.gz	MMP-ML_3-CB4853	ML_3	CB4853	
MMP-ML_5-CB4853-trim-1.fq.gz	MMP-ML_5-CB4853-trim-2.fq.gz	MMP-ML_5-CB4853	ML_5	CB4853	
MMP-ML_6-CB4853-trim-1.fq.gz	MMP-ML_6-CB4853-trim-2.fq.gz	MMP-ML_6-CB4853	ML_6	CB4853	
MMP-ML_7-CB4853-trim-1.fq.gz	MMP-ML_7-CB4853-trim-2.fq.gz	MMP-ML_7-CB4853	ML_7	CB4853	
Princeton1-PL_13-CB4853-trim-1.fq.gz	Princeton1-PL_13-CB4853-trim-2.fq.gz	Princeton1-PL_13-CB4853	PL_13	CB4853	
Princeton1-PL_14-CB4853-trim-1.fq.gz	Princeton1-PL_14-CB4853-trim-2.fq.gz	Princeton1-PL_14-CB4853	PL_14	CB4853	
BGI1-RET7-CB4854-trim-1.fq.gz	BGI1-RET7-CB4854-trim-2.fq.gz	BGI1-RET7-CB4854	RET7	CB4854	
BGI2-RET7-CB4854-trim-1.fq.gz	BGI2-RET7-CB4854-trim-2.fq.gz	BGI2-RET7-CB4854	RET7	CB4854	
BGI3-RET7a-CB4854-trim-1.fq.gz	BGI3-RET7a-CB4854-trim-2.fq.gz	BGI3-RET7a-CB4854	RET7a	CB4854	
MMP-ML_2-CB4854-trim-1.fq.gz	MMP-ML_2-CB4854-trim-2.fq.gz	MMP-ML_2-CB4854	ML_2	CB4854	
MMP-ML_3-CB4854-trim-1.fq.gz	MMP-ML_3-CB4854-trim-2.fq.gz	MMP-ML_3-CB4854	ML_3	CB4854	
MMP-ML_5-CB4854-trim-1.fq.gz	MMP-ML_5-CB4854-trim-2.fq.gz	MMP-ML_5-CB4854	ML_5	CB4854	
MMP-ML_6-CB4854-trim-1.fq.gz	MMP-ML_6-CB4854-trim-2.fq.gz	MMP-ML_6-CB4854	ML_6	CB4854	
MMP-ML_7-CB4854-trim-1.fq.gz	MMP-ML_7-CB4854-trim-2.fq.gz	MMP-ML_7-CB4854	ML_7	CB4854	
BGI1-RET4-ECA248-trim-1.fq.gz	BGI1-RET4-ECA248-trim-2.fq.gz	BGI1-RET4-ECA248	RET4	CB4855	
BGI2-RET4-ECA248-trim-1.fq.gz	BGI2-RET4-ECA248-trim-2.fq.gz	BGI2-RET4-ECA248	RET4	CB4855	
BGI3-RET4b-ECA248-trim-1.fq.gz	BGI3-RET4b-ECA248-trim-2.fq.gz	BGI3-RET4b-ECA248	RET4b	CB4855	
Princeton1-PL_3-CB4855-trim-1.fq.gz	Princeton1-PL_3-CB4855-trim-2.fq.gz	Princeton1-PL_3-CB4855	PL_3	CB4855	
Princeton1-PL_4-CB4855-trim-1.fq.gz	Princeton1-PL_4-CB4855-trim-2.fq.gz	Princeton1-PL_4-CB4855	PL_4	CB4855	
UChicago2-L007-CB4856-TCCTGAGC-TAGATCGC-trim-1.fq.gz	UChicago2-L007-CB4856-TCCTGAGC-TAGATCGC-trim-2.fq.gz	UChicago2-L007-CB4856	L007	CB4856	
UChicago-EA1-CB4856-TCCTGAGC-TAGATCGC-trim-1.fq.gz	UChicago-EA1-CB4856-TCCTGAGC-TAGATCGC-trim-2.fq.gz	UChicago-EA1-CB4856	EA1	CB4856	
BGI1-RET1-CB4856-trim-1.fq.gz	BGI1-RET1-CB4856-trim-2.fq.gz	BGI1-RET1-CB4856	RET1	CB4856	
BGI2-RET1-CB4856-trim-1.fq.gz	BGI2-RET1-CB4856-trim-2.fq.gz	BGI2-RET1-CB4856	RET1	CB4856	
BGI3-RET1a-CB4856-trim-1.fq.gz	BGI3-RET1a-CB4856-trim-2.fq.gz	BGI3-RET1a-CB4856	RET1a	CB4856	
MMP-ML_1-CB4856-trim-1.fq.gz	MMP-ML_1-CB4856-trim-2.fq.gz	MMP-ML_1-CB4856	ML_1	CB4856	
Rockman-R106.3-CB4856-trim-1.fq.gz	Rockman-R106.3-CB4856-trim-2.fq.gz	Rockman-R106.3-CB4856	R106.3	CB4856	
Rockman-R999.1-CB4856-trim-1.fq.gz	Rockman-R999.1-CB4856-trim-2.fq.gz	Rockman-R999.1-CB4856	R999.1	CB4856	
Princeton2-P-CB4856-trim-1.fq.gz	Princeton2-P-CB4856-trim-2.fq.gz	Princeton2-P-CB4856	P	CB4856	
UChicago2-L007-ECA249-TAAGGCGA-TAGATCGC-trim-1.fq.gz	UChicago2-L007-ECA249-TAAGGCGA-TAGATCGC-trim-2.fq.gz	UChicago2-L007-ECA249	L007	CB4857	
UChicago-EA1-ECA249-TAAGGCGA-TAGATCGC-trim-1.fq.gz	UChicago-EA1-ECA249-TAAGGCGA-TAGATCGC-trim-2.fq.gz	UChicago-EA1-ECA249	EA1	CB4857	
BGI1-RET6-ECA250-trim-1.fq.gz	BGI1-RET6-ECA250-trim-2.fq.gz	BGI1-RET6-ECA250	RET6	CB4857	
BGI2-RET6-ECA250-trim-1.fq.gz	BGI2-RET6-ECA250-trim-2.fq.gz	BGI2-RET6-ECA250	RET6	CB4857	
BGI3-RET1b-ECA249-trim-1.fq.gz	BGI3-RET1b-ECA249-trim-2.fq.gz	BGI3-RET1b-ECA249	RET1b	CB4857	
BGI3-RET6b-ECA250-trim-1.fq.gz	BGI3-RET6b-ECA250-trim-2.fq.gz	BGI3-RET6b-ECA250	RET6b	CB4857	
BGI1-RET3-ECA252-trim-1.fq.gz	BGI1-RET3-ECA252-trim-2.fq.gz	BGI1-RET3-ECA252	RET3	CB4858	
BGI2-RET3-ECA252-trim-1.fq.gz	BGI2-RET3-ECA252-trim-2.fq.gz	BGI2-RET3-ECA252	RET3	CB4858	
BGI3-RET3b-ECA252-trim-1.fq.gz	BGI3-RET3b-ECA252-trim-2.fq.gz	BGI3-RET3b-ECA252	RET3b	CB4858	
BGI1-RET7-CB4932-trim-1.fq.gz	BGI1-RET7-CB4932-trim-2.fq.gz	BGI1-RET7-CB4932	RET7	CB4932	
BGI2-RET7-CB4932-trim-1.fq.gz	BGI2-RET7-CB4932-trim-2.fq.gz	BGI2-RET7-CB4932	RET7	CB4932	
BGI3-RET7b-CB4932-trim-1.fq.gz	BGI3-RET7b-CB4932-trim-2.fq.gz	BGI3-RET7b-CB4932	RET7b	CB4932	
Princeton1-PL_13-CB4932-trim-1.fq.gz	Princeton1-PL_13-CB4932-trim-2.fq.gz	Princeton1-PL_13-CB4932	PL_13	CB4932	
Princeton1-PL_14-CB4932-trim-1.fq.gz	Princeton1-PL_14-CB4932-trim-2.fq.gz	Princeton1-PL_14-CB4932	PL_14	CB4932	
BGI1-RET3-CX11254-trim-1.fq.gz	BGI1-RET3-CX11254-trim-2.fq.gz	BGI1-RET3-CX11254	RET3	CX11254	
BGI2-RET3-CX11254-trim-1.fq.gz	BGI2-RET3-CX11254-trim-2.fq.gz	BGI2-RET3-CX11254	RET3	CX11254	
BGI3-RET3b-CX11254-trim-1.fq.gz	BGI3-RET3b-CX11254-trim-2.fq.gz	BGI3-RET3b-CX11254	RET3b	CX11254	
BGI2-RET6-CX11262-trim-1.fq.gz	BGI2-RET6-CX11262-trim-2.fq.gz	BGI2-RET6-CX11262	RET6	CX11262	
BGI3-RET6a-CX11262-trim-1.fq.gz	BGI3-RET6a-CX11262-trim-2.fq.gz	BGI3-RET6a-CX11262	RET6a	CX11262	
BGI1-RET5-CX11264-trim-1.fq.gz	BGI1-RET5-CX11264-trim-2.fq.gz	BGI1-RET5-CX11264	RET5	CX11264	
BGI2-RET5-CX11264-trim-1.fq.gz	BGI2-RET5-CX11264-trim-2.fq.gz	BGI2-RET5-CX11264	RET5	CX11264	
BGI3-RET5a-CX11264-trim-1.fq.gz	BGI3-RET5a-CX11264-trim-2.fq.gz	BGI3-RET5a-CX11264	RET5a	CX11264	
Princeton1-PL_15-CX11264-trim-1.fq.gz	Princeton1-PL_15-CX11264-trim-2.fq.gz	Princeton1-PL_15-CX11264	PL_15	CX11264	
Princeton1-PL_16-CX11264-trim-1.fq.gz	Princeton1-PL_16-CX11264-trim-2.fq.gz	Princeton1-PL_16-CX11264	PL_16	CX11264	
BGI1-RET7-CX11271-trim-1.fq.gz	BGI1-RET7-CX11271-trim-2.fq.gz	BGI1-RET7-CX11271	RET7	CX11271	
BGI2-RET7-CX11271-trim-1.fq.gz	BGI2-RET7-CX11271-trim-2.fq.gz	BGI2-RET7-CX11271	RET7	CX11271	
BGI3-RET7a-CX11271-trim-1.fq.gz	BGI3-RET7a-CX11271-trim-2.fq.gz	BGI3-RET7a-CX11271	RET7a	CX11271	
Princeton1-PL_21-CX11271-trim-1.fq.gz	Princeton1-PL_21-CX11271-trim-2.fq.gz	Princeton1-PL_21-CX11271	PL_21	CX11271	
BGI1-RET2-CX11276-trim-1.fq.gz	BGI1-RET2-CX11276-trim-2.fq.gz	BGI1-RET2-CX11276	RET2	CX11276	
BGI2-RET2-CX11276-trim-1.fq.gz	BGI2-RET2-CX11276-trim-2.fq.gz	BGI2-RET2-CX11276	RET2	CX11276	
BGI3-RET2b-CX11276-trim-1.fq.gz	BGI3-RET2b-CX11276-trim-2.fq.gz	BGI3-RET2b-CX11276	RET2b	CX11276	
BGI1-RET2-CX11285-trim-1.fq.gz	BGI1-RET2-CX11285-trim-2.fq.gz	BGI1-RET2-CX11285	RET2	CX11285	
BGI2-RET2-CX11285-trim-1.fq.gz	BGI2-RET2-CX11285-trim-2.fq.gz	BGI2-RET2-CX11285	RET2	CX11285	
BGI3-RET2a-CX11285-trim-1.fq.gz	BGI3-RET2a-CX11285-trim-2.fq.gz	BGI3-RET2a-CX11285	RET2a	CX11285	
Princeton1-PL_10-CX11285-trim-1.fq.gz	Princeton1-PL_10-CX11285-trim-2.fq.gz	Princeton1-PL_10-CX11285	PL_10	CX11285	
Princeton1-PL_11-CX11285-trim-1.fq.gz	Princeton1-PL_11-CX11285-trim-2.fq.gz	Princeton1-PL_11-CX11285	PL_11	CX11285	
BGI1-RET4-CX11292-trim-1.fq.gz	BGI1-RET4-CX11292-trim-2.fq.gz	BGI1-RET4-CX11292	RET4	CX11292	
BGI2-RET4-CX11292-trim-1.fq.gz	BGI2-RET4-CX11292-trim-2.fq.gz	BGI2-RET4-CX11292	RET4	CX11292	
BGI3-RET4b-CX11292-trim-1.fq.gz	BGI3-RET4b-CX11292-trim-2.fq.gz	BGI3-RET4b-CX11292	RET4b	CX11292	
Princeton1-PL_13-CX11292-trim-1.fq.gz	Princeton1-PL_13-CX11292-trim-2.fq.gz	Princeton1-PL_13-CX11292	PL_13	CX11292	
Princeton1-PL_14-CX11292-trim-1.fq.gz	Princeton1-PL_14-CX11292-trim-2.fq.gz	Princeton1-PL_14-CX11292	PL_14	CX11292	
BGI1-RET5-CX11307-trim-1.fq.gz	BGI1-RET5-CX11307-trim-2.fq.gz	BGI1-RET5-CX11307	RET5	CX11307	
BGI2-RET5-CX11307-trim-1.fq.gz	BGI2-RET5-CX11307-trim-2.fq.gz	BGI2-RET5-CX11307	RET5	CX11307	
BGI3-RET5a-CX11307-trim-1.fq.gz	BGI3-RET5a-CX11307-trim-2.fq.gz	BGI3-RET5a-CX11307	RET5a	CX11307	
BGI1-RET3-CX11314-trim-1.fq.gz	BGI1-RET3-CX11314-trim-2.fq.gz	BGI1-RET3-CX11314	RET3	CX11314	
BGI2-RET3-CX11314-trim-1.fq.gz	BGI2-RET3-CX11314-trim-2.fq.gz	BGI2-RET3-CX11314	RET3	CX11314	
BGI3-RET3b-CX11314-trim-1.fq.gz	BGI3-RET3b-CX11314-trim-2.fq.gz	BGI3-RET3b-CX11314	RET3b	CX11314	
BGI1-RET1-CX11315-trim-1.fq.gz	BGI1-RET1-CX11315-trim-2.fq.gz	BGI1-RET1-CX11315	RET1	CX11315	
BGI2-RET1-CX11315-trim-1.fq.gz	BGI2-RET1-CX11315-trim-2.fq.gz	BGI2-RET1-CX11315	RET1	CX11315	
BGI3-RET1b-CX11315-trim-1.fq.gz	BGI3-RET1b-CX11315-trim-2.fq.gz	BGI3-RET1b-CX11315	RET1b	CX11315	
BGI1-RET4-DL200-trim-1.fq.gz	BGI1-RET4-DL200-trim-2.fq.gz	BGI1-RET4-DL200	RET4	DL200	
BGI2-RET4-DL200-trim-1.fq.gz	BGI2-RET4-DL200-trim-2.fq.gz	BGI2-RET4-DL200	RET4	DL200	
BGI3-RET4a-DL200-trim-1.fq.gz	BGI3-RET4a-DL200-trim-2.fq.gz	BGI3-RET4a-DL200	RET4a	DL200	
BGI1-RET2-DL226-trim-1.fq.gz	BGI1-RET2-DL226-trim-2.fq.gz	BGI1-RET2-DL226	RET2	DL226	
BGI2-RET2-DL226-trim-1.fq.gz	BGI2-RET2-DL226-trim-2.fq.gz	BGI2-RET2-DL226	RET2	DL226	
BGI3-RET2b-DL226-trim-1.fq.gz	BGI3-RET2b-DL226-trim-2.fq.gz	BGI3-RET2b-DL226	RET2b	DL226	
BGI1-RET1-DL238-trim-1.fq.gz	BGI1-RET1-DL238-trim-2.fq.gz	BGI1-RET1-DL238	RET1	DL238	
BGI2-RET1-DL238-trim-1.fq.gz	BGI2-RET1-DL238-trim-2.fq.gz	BGI2-RET1-DL238	RET1	DL238	
BGI3-RET1a-DL238-trim-1.fq.gz	BGI3-RET1a-DL238-trim-2.fq.gz	BGI3-RET1a-DL238	RET1a	DL238	
Princeton1-PL_12-DL238-trim-1.fq.gz	Princeton1-PL_12-DL238-trim-2.fq.gz	Princeton1-PL_12-DL238	PL_12	DL238	
Princeton1-PL_21-DL238-trim-1.fq.gz	Princeton1-PL_21-DL238-trim-2.fq.gz	Princeton1-PL_21-DL238	PL_21	DL238	
Princeton2-P-DL238-trim-1.fq.gz	Princeton2-P-DL238-trim-2.fq.gz	Princeton2-P-DL238	P	DL238	
UChicago2-L007-ECA36-GGACTCCT-TAGATCGC-trim-1.fq.gz	UChicago2-L007-ECA36-GGACTCCT-TAGATCGC-trim-2.fq.gz	UChicago2-L007-ECA36	L007	ECA36	
UChicago-EA1-ECA36-GGACTCCT-TAGATCGC-trim-1.fq.gz	UChicago-EA1-ECA36-GGACTCCT-TAGATCGC-trim-2.fq.gz	UChicago-EA1-ECA36	EA1	ECA36	
BGI1-RET5-ED3005-trim-1.fq.gz	BGI1-RET5-ED3005-trim-2.fq.gz	BGI1-RET5-ED3005	RET5	ED3005	
BGI2-RET5-ED3005-trim-1.fq.gz	BGI2-RET5-ED3005-trim-2.fq.gz	BGI2-RET5-ED3005	RET5	ED3005	
BGI3-RET5a-ED3005-trim-1.fq.gz	BGI3-RET5a-ED3005-trim-2.fq.gz	BGI3-RET5a-ED3005	RET5a	ED3005	
MMP-ML_2-ED3021-trim-1.fq.gz	MMP-ML_2-ED3021-trim-2.fq.gz	MMP-ML_2-ED3021	ML_2	ED3005	
MMP-ML_3-ED3021-trim-1.fq.gz	MMP-ML_3-ED3021-trim-2.fq.gz	MMP-ML_3-ED3021	ML_3	ED3005	
MMP-ML_5-ED3021-trim-1.fq.gz	MMP-ML_5-ED3021-trim-2.fq.gz	MMP-ML_5-ED3021	ML_5	ED3005	
MMP-ML_6-ED3021-trim-1.fq.gz	MMP-ML_6-ED3021-trim-2.fq.gz	MMP-ML_6-ED3021	ML_6	ED3005	
MMP-ML_7-ED3021-trim-1.fq.gz	MMP-ML_7-ED3021-trim-2.fq.gz	MMP-ML_7-ED3021	ML_7	ED3005	
BGI1-RET3-ED3011-trim-1.fq.gz	BGI1-RET3-ED3011-trim-2.fq.gz	BGI1-RET3-ED3011	RET3	ED3011	
BGI2-RET3-ED3011-trim-1.fq.gz	BGI2-RET3-ED3011-trim-2.fq.gz	BGI2-RET3-ED3011	RET3	ED3011	
BGI3-RET3a-ED3011-trim-1.fq.gz	BGI3-RET3a-ED3011-trim-2.fq.gz	BGI3-RET3a-ED3011	RET3a	ED3011	
BGI1-RET6-ED3012-trim-1.fq.gz	BGI1-RET6-ED3012-trim-2.fq.gz	BGI1-RET6-ED3012	RET6	ED3012	
BGI2-RET6-ED3012-trim-1.fq.gz	BGI2-RET6-ED3012-trim-2.fq.gz	BGI2-RET6-ED3012	RET6	ED3012	
BGI3-RET6a-ED3012-trim-1.fq.gz	BGI3-RET6a-ED3012-trim-2.fq.gz	BGI3-RET6a-ED3012	RET6a	ED3012	
Princeton1-PL_17-ED3012-trim-1.fq.gz	Princeton1-PL_17-ED3012-trim-2.fq.gz	Princeton1-PL_17-ED3012	PL_17	ED3012	
UChicago2-L007-ED3017-TAGGCATG-CTCTCTAT-trim-1.fq.gz	UChicago2-L007-ED3017-TAGGCATG-CTCTCTAT-trim-2.fq.gz	UChicago2-L007-ED3017	L007	ED3017	
BGI1-RET2-ED3017-trim-1.fq.gz	BGI1-RET2-ED3017-trim-2.fq.gz	BGI1-RET2-ED3017	RET2	ED3017	
BGI2-RET2-ED3017-trim-1.fq.gz	BGI2-RET2-ED3017-trim-2.fq.gz	BGI2-RET2-ED3017	RET2	ED3017	
BGI3-RET2a-ED3017-trim-1.fq.gz	BGI3-RET2a-ED3017-trim-2.fq.gz	BGI3-RET2a-ED3017	RET2a	ED3017	
MMP-ML_2-ED3017-trim-1.fq.gz	MMP-ML_2-ED3017-trim-2.fq.gz	MMP-ML_2-ED3017	ML_2	ED3017	
MMP-ML_3-ED3017-trim-1.fq.gz	MMP-ML_3-ED3017-trim-2.fq.gz	MMP-ML_3-ED3017	ML_3	ED3017	
MMP-ML_5-ED3017-trim-1.fq.gz	MMP-ML_5-ED3017-trim-2.fq.gz	MMP-ML_5-ED3017	ML_5	ED3017	
MMP-ML_6-ED3017-trim-1.fq.gz	MMP-ML_6-ED3017-trim-2.fq.gz	MMP-ML_6-ED3017	ML_6	ED3017	
MMP-ML_7-ED3017-trim-1.fq.gz	MMP-ML_7-ED3017-trim-2.fq.gz	MMP-ML_7-ED3017	ML_7	ED3017	
Princeton1-PL_23-ED3017-trim-1.fq.gz	Princeton1-PL_23-ED3017-trim-2.fq.gz	Princeton1-PL_23-ED3017	PL_23	ED3017	
BGI1-RET7-ED3040-trim-1.fq.gz	BGI1-RET7-ED3040-trim-2.fq.gz	BGI1-RET7-ED3040	RET7	ED3040	
BGI2-RET7-ED3040-trim-1.fq.gz	BGI2-RET7-ED3040-trim-2.fq.gz	BGI2-RET7-ED3040	RET7	ED3040	
BGI3-RET7a-ED3040-trim-1.fq.gz	BGI3-RET7a-ED3040-trim-2.fq.gz	BGI3-RET7a-ED3040	RET7a	ED3040	
MMP-ML_2-ED3040-trim-1.fq.gz	MMP-ML_2-ED3040-trim-2.fq.gz	MMP-ML_2-ED3040	ML_2	ED3040	
MMP-ML_3-ED3040-trim-1.fq.gz	MMP-ML_3-ED3040-trim-2.fq.gz	MMP-ML_3-ED3040	ML_3	ED3040	
MMP-ML_5-ED3040-trim-1.fq.gz	MMP-ML_5-ED3040-trim-2.fq.gz	MMP-ML_5-ED3040	ML_5	ED3040	
MMP-ML_6-ED3040-trim-1.fq.gz	MMP-ML_6-ED3040-trim-2.fq.gz	MMP-ML_6-ED3040	ML_6	ED3040	
MMP-ML_7-ED3040-trim-1.fq.gz	MMP-ML_7-ED3040-trim-2.fq.gz	MMP-ML_7-ED3040	ML_7	ED3040	
Princeton1-PL_10-ED3040-trim-1.fq.gz	Princeton1-PL_10-ED3040-trim-2.fq.gz	Princeton1-PL_10-ED3040	PL_10	ED3040	
Princeton1-PL_11-ED3040-trim-1.fq.gz	Princeton1-PL_11-ED3040-trim-2.fq.gz	Princeton1-PL_11-ED3040	PL_11	ED3040	
BGI1-RET2-ED3046-trim-1.fq.gz	BGI1-RET2-ED3046-trim-2.fq.gz	BGI1-RET2-ED3046	RET2	ED3046	
BGI2-RET2-ED3046-trim-1.fq.gz	BGI2-RET2-ED3046-trim-2.fq.gz	BGI2-RET2-ED3046	RET2	ED3046	
BGI3-RET2b-ED3046-trim-1.fq.gz	BGI3-RET2b-ED3046-trim-2.fq.gz	BGI3-RET2b-ED3046	RET2b	ED3046	
Princeton1-PL_13-ED3046-trim-1.fq.gz	Princeton1-PL_13-ED3046-trim-2.fq.gz	Princeton1-PL_13-ED3046	PL_13	ED3046	
Princeton1-PL_14-ED3046-trim-1.fq.gz	Princeton1-PL_14-ED3046-trim-2.fq.gz	Princeton1-PL_14-ED3046	PL_14	ED3046	
BGI1-RET4-ED3048-trim-1.fq.gz	BGI1-RET4-ED3048-trim-2.fq.gz	BGI1-RET4-ED3048	RET4	ED3048	
BGI2-RET4-ED3048-trim-1.fq.gz	BGI2-RET4-ED3048-trim-2.fq.gz	BGI2-RET4-ED3048	RET4	ED3048	
BGI3-RET4a-ED3048-trim-1.fq.gz	BGI3-RET4a-ED3048-trim-2.fq.gz	BGI3-RET4a-ED3048	RET4a	ED3048	
MMP-ML_2-ED3042-trim-1.fq.gz	MMP-ML_2-ED3042-trim-2.fq.gz	MMP-ML_2-ED3042	ML_2	ED3048	
MMP-ML_3-ED3042-trim-1.fq.gz	MMP-ML_3-ED3042-trim-2.fq.gz	MMP-ML_3-ED3042	ML_3	ED3048	
MMP-ML_5-ED3042-trim-1.fq.gz	MMP-ML_5-ED3042-trim-2.fq.gz	MMP-ML_5-ED3042	ML_5	ED3048	
MMP-ML_6-ED3042-trim-1.fq.gz	MMP-ML_6-ED3042-trim-2.fq.gz	MMP-ML_6-ED3042	ML_6	ED3048	
MMP-ML_7-ED3042-trim-1.fq.gz	MMP-ML_7-ED3042-trim-2.fq.gz	MMP-ML_7-ED3042	ML_7	ED3048	
BGI1-RET1-ED3049-trim-1.fq.gz	BGI1-RET1-ED3049-trim-2.fq.gz	BGI1-RET1-ED3049	RET1	ED3049	
BGI2-RET1-ED3049-trim-1.fq.gz	BGI2-RET1-ED3049-trim-2.fq.gz	BGI2-RET1-ED3049	RET1	ED3049	
BGI3-RET1b-ED3049-trim-1.fq.gz	BGI3-RET1b-ED3049-trim-2.fq.gz	BGI3-RET1b-ED3049	RET1b	ED3049	
MMP-ML_2-ED3049-trim-1.fq.gz	MMP-ML_2-ED3049-trim-2.fq.gz	MMP-ML_2-ED3049	ML_2	ED3049	
MMP-ML_3-ED3049-trim-1.fq.gz	MMP-ML_3-ED3049-trim-2.fq.gz	MMP-ML_3-ED3049	ML_3	ED3049	
MMP-ML_5-ED3049-trim-1.fq.gz	MMP-ML_5-ED3049-trim-2.fq.gz	MMP-ML_5-ED3049	ML_5	ED3049	
MMP-ML_6-ED3049-trim-1.fq.gz	MMP-ML_6-ED3049-trim-2.fq.gz	MMP-ML_6-ED3049	ML_6	ED3049	
MMP-ML_7-ED3049-trim-1.fq.gz	MMP-ML_7-ED3049-trim-2.fq.gz	MMP-ML_7-ED3049	ML_7	ED3049	
Princeton1-PL_15-ED3049-trim-1.fq.gz	Princeton1-PL_15-ED3049-trim-2.fq.gz	Princeton1-PL_15-ED3049	PL_15	ED3049	
Princeton1-PL_16-ED3049-trim-1.fq.gz	Princeton1-PL_16-ED3049-trim-2.fq.gz	Princeton1-PL_16-ED3049	PL_16	ED3049	
BGI1-RET5-ED3052-trim-1.fq.gz	BGI1-RET5-ED3052-trim-2.fq.gz	BGI1-RET5-ED3052	RET5	ED3052	
BGI2-RET5-ED3052-trim-1.fq.gz	BGI2-RET5-ED3052-trim-2.fq.gz	BGI2-RET5-ED3052	RET5	ED3052	
BGI3-RET5b-ED3052-trim-1.fq.gz	BGI3-RET5b-ED3052-trim-2.fq.gz	BGI3-RET5b-ED3052	RET5b	ED3052	
MMP-ML_2-ED3052-trim-1.fq.gz	MMP-ML_2-ED3052-trim-2.fq.gz	MMP-ML_2-ED3052	ML_2	ED3052	
MMP-ML_3-ED3052-trim-1.fq.gz	MMP-ML_3-ED3052-trim-2.fq.gz	MMP-ML_3-ED3052	ML_3	ED3052	
MMP-ML_5-ED3052-trim-1.fq.gz	MMP-ML_5-ED3052-trim-2.fq.gz	MMP-ML_5-ED3052	ML_5	ED3052	
MMP-ML_6-ED3052-trim-1.fq.gz	MMP-ML_6-ED3052-trim-2.fq.gz	MMP-ML_6-ED3052	ML_6	ED3052	
MMP-ML_7-ED3052-trim-1.fq.gz	MMP-ML_7-ED3052-trim-2.fq.gz	MMP-ML_7-ED3052	ML_7	ED3052	
BGI1-RET4-ED3073-trim-1.fq.gz	BGI1-RET4-ED3073-trim-2.fq.gz	BGI1-RET4-ED3073	RET4	ED3073	
BGI2-RET4-ED3073-trim-1.fq.gz	BGI2-RET4-ED3073-trim-2.fq.gz	BGI2-RET4-ED3073	RET4	ED3073	
BGI3-RET4a-ED3073-trim-1.fq.gz	BGI3-RET4a-ED3073-trim-2.fq.gz	BGI3-RET4a-ED3073	RET4a	ED3073	
MMP-ML_2-ED3057-trim-1.fq.gz	MMP-ML_2-ED3057-trim-2.fq.gz	MMP-ML_2-ED3057	ML_2	ED3073	
MMP-ML_2-ED3072-trim-1.fq.gz	MMP-ML_2-ED3072-trim-2.fq.gz	MMP-ML_2-ED3072	ML_2	ED3073	
MMP-ML_3-ED3057-trim-1.fq.gz	MMP-ML_3-ED3057-trim-2.fq.gz	MMP-ML_3-ED3057	ML_3	ED3073	
MMP-ML_3-ED3072-trim-1.fq.gz	MMP-ML_3-ED3072-trim-2.fq.gz	MMP-ML_3-ED3072	ML_3	ED3073	
MMP-ML_5-ED3057-trim-1.fq.gz	MMP-ML_5-ED3057-trim-2.fq.gz	MMP-ML_5-ED3057	ML_5	ED3073	
MMP-ML_5-ED3072-trim-1.fq.gz	MMP-ML_5-ED3072-trim-2.fq.gz	MMP-ML_5-ED3072	ML_5	ED3073	
MMP-ML_6-ED3057-trim-1.fq.gz	MMP-ML_6-ED3057-trim-2.fq.gz	MMP-ML_6-ED3057	ML_6	ED3073	
MMP-ML_6-ED3072-trim-1.fq.gz	MMP-ML_6-ED3072-trim-2.fq.gz	MMP-ML_6-ED3072	ML_6	ED3073	
MMP-ML_7-ED3057-trim-1.fq.gz	MMP-ML_7-ED3057-trim-2.fq.gz	MMP-ML_7-ED3057	ML_7	ED3073	
MMP-ML_7-ED3072-trim-1.fq.gz	MMP-ML_7-ED3072-trim-2.fq.gz	MMP-ML_7-ED3072	ML_7	ED3073	
Princeton1-PL_17-ED3073-trim-1.fq.gz	Princeton1-PL_17-ED3073-trim-2.fq.gz	Princeton1-PL_17-ED3073	PL_17	ED3073	
BGI1-RET7-ED3077-trim-1.fq.gz	BGI1-RET7-ED3077-trim-2.fq.gz	BGI1-RET7-ED3077	RET7	ED3077	
BGI2-RET7-ED3077-trim-1.fq.gz	BGI2-RET7-ED3077-trim-2.fq.gz	BGI2-RET7-ED3077	RET7	ED3077	
BGI3-RET7a-ED3077-trim-1.fq.gz	BGI3-RET7a-ED3077-trim-2.fq.gz	BGI3-RET7a-ED3077	RET7a	ED3077	
Princeton1-PL_23-ED3077-trim-1.fq.gz	Princeton1-PL_23-ED3077-trim-2.fq.gz	Princeton1-PL_23-ED3077	PL_23	ED3077	
BGI1-RET3-EG4347-trim-1.fq.gz	BGI1-RET3-EG4347-trim-2.fq.gz	BGI1-RET3-EG4347	RET3	EG4347	
BGI2-RET3-EG4347-trim-1.fq.gz	BGI2-RET3-EG4347-trim-2.fq.gz	BGI2-RET3-EG4347	RET3	EG4347	
BGI3-RET3a-EG4347-trim-1.fq.gz	BGI3-RET3a-EG4347-trim-2.fq.gz	BGI3-RET3a-EG4347	RET3a	EG4347	
Rockman-R096.4-EG4347-trim-1.fq.gz	Rockman-R096.4-EG4347-trim-2.fq.gz	Rockman-R096.4-EG4347	R096.4	EG4347	
BGI2-RET6-EG4349-trim-1.fq.gz	BGI2-RET6-EG4349-trim-2.fq.gz	BGI2-RET6-EG4349	RET6	EG4349	
BGI3-RET6a-EG4349-trim-1.fq.gz	BGI3-RET6a-EG4349-trim-2.fq.gz	BGI3-RET6a-EG4349	RET6a	EG4349	
Rockman-R096.2-EG4348-trim-1.fq.gz	Rockman-R096.2-EG4348-trim-2.fq.gz	Rockman-R096.2-EG4348	R096.2	EG4349	
BGI1-RET5-EG4724-trim-1.fq.gz	BGI1-RET5-EG4724-trim-2.fq.gz	BGI1-RET5-EG4724	RET5	EG4724	
BGI2-RET5-EG4724-trim-1.fq.gz	BGI2-RET5-EG4724-trim-2.fq.gz	BGI2-RET5-EG4724	RET5	EG4724	
BGI3-RET5a-EG4724-trim-1.fq.gz	BGI3-RET5a-EG4724-trim-2.fq.gz	BGI3-RET5a-EG4724	RET5a	EG4724	
Princeton1-PL_17-EG4724-trim-1.fq.gz	Princeton1-PL_17-EG4724-trim-2.fq.gz	Princeton1-PL_17-EG4724	PL_17	EG4724	
Princeton1-PL_20-EG4724-trim-1.fq.gz	Princeton1-PL_20-EG4724-trim-2.fq.gz	Princeton1-PL_20-EG4724	PL_20	EG4724	
Princeton1-PL_24-EG4724-trim-1.fq.gz	Princeton1-PL_24-EG4724-trim-2.fq.gz	Princeton1-PL_24-EG4724	PL_24	EG4724	
UChicago2-L007-EG4725-CGTACTAG-TAGATCGC-trim-1.fq.gz	UChicago2-L007-EG4725-CGTACTAG-TAGATCGC-trim-2.fq.gz	UChicago2-L007-EG4725	L007	EG4725	
UChicago-EA1-EG4725-CGTACTAG-TAGATCGC-trim-1.fq.gz	UChicago-EA1-EG4725-CGTACTAG-TAGATCGC-trim-2.fq.gz	UChicago-EA1-EG4725	EA1	EG4725	
BGI1-RET2-EG4725-trim-1.fq.gz	BGI1-RET2-EG4725-trim-2.fq.gz	BGI1-RET2-EG4725	RET2	EG4725	
BGI2-RET2-EG4725-trim-1.fq.gz	BGI2-RET2-EG4725-trim-2.fq.gz	BGI2-RET2-EG4725	RET2	EG4725	
BGI3-RET2a-EG4725-trim-1.fq.gz	BGI3-RET2a-EG4725-trim-2.fq.gz	BGI3-RET2a-EG4725	RET2a	EG4725	
Princeton1-PL_20-EG4725-trim-1.fq.gz	Princeton1-PL_20-EG4725-trim-2.fq.gz	Princeton1-PL_20-EG4725	PL_20	EG4725	
BGI1-RET7-EG4946-trim-1.fq.gz	BGI1-RET7-EG4946-trim-2.fq.gz	BGI1-RET7-EG4946	RET7	EG4946	
BGI2-RET7-EG4946-trim-1.fq.gz	BGI2-RET7-EG4946-trim-2.fq.gz	BGI2-RET7-EG4946	RET7	EG4946	
BGI3-RET7a-EG4946-trim-1.fq.gz	BGI3-RET7a-EG4946-trim-2.fq.gz	BGI3-RET7a-EG4946	RET7a	EG4946	
Princeton1-PL_10-EG4946-trim-1.fq.gz	Princeton1-PL_10-EG4946-trim-2.fq.gz	Princeton1-PL_10-EG4946	PL_10	EG4946	
Princeton1-PL_11-EG4946-trim-1.fq.gz	Princeton1-PL_11-EG4946-trim-2.fq.gz	Princeton1-PL_11-EG4946	PL_11	EG4946	
BGI1-RET6-GXW1-trim-1.fq.gz	BGI1-RET6-GXW1-trim-2.fq.gz	BGI1-RET6-GXW1	RET6	GXW1	
BGI2-RET6-GXW1-trim-1.fq.gz	BGI2-RET6-GXW1-trim-2.fq.gz	BGI2-RET6-GXW1	RET6	GXW1	
BGI3-RET6b-GXW1-trim-1.fq.gz	BGI3-RET6b-GXW1-trim-2.fq.gz	BGI3-RET6b-GXW1	RET6b	GXW1	
MMP-ML_2-GXW1-trim-1.fq.gz	MMP-ML_2-GXW1-trim-2.fq.gz	MMP-ML_2-GXW1	ML_2	GXW1	
MMP-ML_3-GXW1-trim-1.fq.gz	MMP-ML_3-GXW1-trim-2.fq.gz	MMP-ML_3-GXW1	ML_3	GXW1	
MMP-ML_5-GXW1-trim-1.fq.gz	MMP-ML_5-GXW1-trim-2.fq.gz	MMP-ML_5-GXW1	ML_5	GXW1	
MMP-ML_6-GXW1-trim-1.fq.gz	MMP-ML_6-GXW1-trim-2.fq.gz	MMP-ML_6-GXW1	ML_6	GXW1	
MMP-ML_7-GXW1-trim-1.fq.gz	MMP-ML_7-GXW1-trim-2.fq.gz	MMP-ML_7-GXW1	ML_7	GXW1	
Princeton1-PL_3-GXW1-trim-1.fq.gz	Princeton1-PL_3-GXW1-trim-2.fq.gz	Princeton1-PL_3-GXW1	PL_3	GXW1	
Princeton1-PL_4-GXW1-trim-1.fq.gz	Princeton1-PL_4-GXW1-trim-2.fq.gz	Princeton1-PL_4-GXW1	PL_4	GXW1	
UChicago2-L008-JT11398-AGGCAGAA-TATCCTCT-trim-1.fq.gz	UChicago2-L008-JT11398-AGGCAGAA-TATCCTCT-trim-2.fq.gz	UChicago2-L008-JT11398	L008	JT11398	
UChicago-EA2-JT11398-AGGCAGAA-TATCCTCT-trim-1.fq.gz	UChicago-EA2-JT11398-AGGCAGAA-TATCCTCT-trim-2.fq.gz	UChicago-EA2-JT11398	EA2	JT11398	
BGI1-RET2-JT11398-trim-1.fq.gz	BGI1-RET2-JT11398-trim-2.fq.gz	BGI1-RET2-JT11398	RET2	JT11398	
BGI2-RET2-JT11398-trim-1.fq.gz	BGI2-RET2-JT11398-trim-2.fq.gz	BGI2-RET2-JT11398	RET2	JT11398	
BGI3-RET2a-JT11398-trim-1.fq.gz	BGI3-RET2a-JT11398-trim-2.fq.gz	BGI3-RET2a-JT11398	RET2a	JT11398	
BGI1-RET3-JU1088-trim-1.fq.gz	BGI1-RET3-JU1088-trim-2.fq.gz	BGI1-RET3-JU1088	RET3	JU1088	
BGI2-RET3-JU1088-trim-1.fq.gz	BGI2-RET3-JU1088-trim-2.fq.gz	BGI2-RET3-JU1088	RET3	JU1088	
BGI3-RET3b-JU1088-trim-1.fq.gz	BGI3-RET3b-JU1088-trim-2.fq.gz	BGI3-RET3b-JU1088	RET3b	JU1088	
MMP-ML_2-JU1088-trim-1.fq.gz	MMP-ML_2-JU1088-trim-2.fq.gz	MMP-ML_2-JU1088	ML_2	JU1088	
MMP-ML_3-JU1088-trim-1.fq.gz	MMP-ML_3-JU1088-trim-2.fq.gz	MMP-ML_3-JU1088	ML_3	JU1088	
MMP-ML_5-JU1088-trim-1.fq.gz	MMP-ML_5-JU1088-trim-2.fq.gz	MMP-ML_5-JU1088	ML_5	JU1088	
MMP-ML_6-JU1088-trim-1.fq.gz	MMP-ML_6-JU1088-trim-2.fq.gz	MMP-ML_6-JU1088	ML_6	JU1088	
MMP-ML_7-JU1088-trim-1.fq.gz	MMP-ML_7-JU1088-trim-2.fq.gz	MMP-ML_7-JU1088	ML_7	JU1088	
Rockman-R096.4-JU1088-trim-1.fq.gz	Rockman-R096.4-JU1088-trim-2.fq.gz	Rockman-R096.4-JU1088	R096.4	JU1088	
BGI1-RET4-JU1172-trim-1.fq.gz	BGI1-RET4-JU1172-trim-2.fq.gz	BGI1-RET4-JU1172	RET4	JU1172	
BGI2-RET4-JU1172-trim-1.fq.gz	BGI2-RET4-JU1172-trim-2.fq.gz	BGI2-RET4-JU1172	RET4	JU1172	
BGI3-RET4b-JU1172-trim-1.fq.gz	BGI3-RET4b-JU1172-trim-2.fq.gz	BGI3-RET4b-JU1172	RET4b	JU1172	
BGI1-RET2-JU1200-trim-1.fq.gz	BGI1-RET2-JU1200-trim-2.fq.gz	BGI1-RET2-JU1200	RET2	JU1200	
BGI2-RET2-JU1200-trim-1.fq.gz	BGI2-RET2-JU1200-trim-2.fq.gz	BGI2-RET2-JU1200	RET2	JU1200	
BGI3-RET2a-JU1200-trim-1.fq.gz	BGI3-RET2a-JU1200-trim-2.fq.gz	BGI3-RET2a-JU1200	RET2a	JU1200	
Princeton1-PL_17-JU1200-trim-1.fq.gz	Princeton1-PL_17-JU1200-trim-2.fq.gz	Princeton1-PL_17-JU1200	PL_17	JU1200	
Princeton1-PL_21-JU1200-trim-1.fq.gz	Princeton1-PL_21-JU1200-trim-2.fq.gz	Princeton1-PL_21-JU1200	PL_21	JU1200	
Princeton1-PL_24-JU1200-trim-1.fq.gz	Princeton1-PL_24-JU1200-trim-2.fq.gz	Princeton1-PL_24-JU1200	PL_24	JU1200	
BGI1-RET6-JU1212-trim-1.fq.gz	BGI1-RET6-JU1212-trim-2.fq.gz	BGI1-RET6-JU1212	RET6	JU1212	
BGI2-RET6-JU1212-trim-1.fq.gz	BGI2-RET6-JU1212-trim-2.fq.gz	BGI2-RET6-JU1212	RET6	JU1212	
BGI3-RET6a-JU1212-trim-1.fq.gz	BGI3-RET6a-JU1212-trim-2.fq.gz	BGI3-RET6a-JU1212	RET6a	JU1212	
BGI1-RET5-JU1213-trim-1.fq.gz	BGI1-RET5-JU1213-trim-2.fq.gz	BGI1-RET5-JU1213	RET5	JU1213	
BGI2-RET5-JU1213-trim-1.fq.gz	BGI2-RET5-JU1213-trim-2.fq.gz	BGI2-RET5-JU1213	RET5	JU1213	
BGI3-RET5a-JU1213-trim-1.fq.gz	BGI3-RET5a-JU1213-trim-2.fq.gz	BGI3-RET5a-JU1213	RET5a	JU1213	
MMP-ML_2-JU533-trim-1.fq.gz	MMP-ML_2-JU533-trim-2.fq.gz	MMP-ML_2-JU533	ML_2	JU1213	
MMP-ML_3-JU533-trim-1.fq.gz	MMP-ML_3-JU533-trim-2.fq.gz	MMP-ML_3-JU533	ML_3	JU1213	
MMP-ML_5-JU533-trim-1.fq.gz	MMP-ML_5-JU533-trim-2.fq.gz	MMP-ML_5-JU533	ML_5	JU1213	
MMP-ML_6-JU533-trim-1.fq.gz	MMP-ML_6-JU533-trim-2.fq.gz	MMP-ML_6-JU533	ML_6	JU1213	
MMP-ML_7-JU533-trim-1.fq.gz	MMP-ML_7-JU533-trim-2.fq.gz	MMP-ML_7-JU533	ML_7	JU1213	
BGI1-RET4-JU1242-trim-1.fq.gz	BGI1-RET4-JU1242-trim-2.fq.gz	BGI1-RET4-JU1242	RET4	JU1242	
BGI2-RET4-JU1242-trim-1.fq.gz	BGI2-RET4-JU1242-trim-2.fq.gz	BGI2-RET4-JU1242	RET4	JU1242	
BGI3-RET4b-JU1242-trim-1.fq.gz	BGI3-RET4b-JU1242-trim-2.fq.gz	BGI3-RET4b-JU1242	RET4b	JU1242	
BGI1-RET3-JU1246-trim-1.fq.gz	BGI1-RET3-JU1246-trim-2.fq.gz	BGI1-RET3-JU1246	RET3	JU1246	
BGI2-RET3-JU1246-trim-1.fq.gz	BGI2-RET3-JU1246-trim-2.fq.gz	BGI2-RET3-JU1246	RET3	JU1246	
BGI3-RET3b-JU1246-trim-1.fq.gz	BGI3-RET3b-JU1246-trim-2.fq.gz	BGI3-RET3b-JU1246	RET3b	JU1246	
BGI2-RET6-JU1395-trim-1.fq.gz	BGI2-RET6-JU1395-trim-2.fq.gz	BGI2-RET6-JU1395	RET6	JU1395	
BGI3-RET6a-JU1395-trim-1.fq.gz	BGI3-RET6a-JU1395-trim-2.fq.gz	BGI3-RET6a-JU1395	RET6a	JU1395	
BGI1-RET4-JU1400-trim-1.fq.gz	BGI1-RET4-JU1400-trim-2.fq.gz	BGI1-RET4-JU1400	RET4	JU1400	
BGI2-RET4-JU1400-trim-1.fq.gz	BGI2-RET4-JU1400-trim-2.fq.gz	BGI2-RET4-JU1400	RET4	JU1400	
BGI3-RET4a-JU1400-trim-1.fq.gz	BGI3-RET4a-JU1400-trim-2.fq.gz	BGI3-RET4a-JU1400	RET4a	JU1400	
MMP-ML_2-JU1400-trim-1.fq.gz	MMP-ML_2-JU1400-trim-2.fq.gz	MMP-ML_2-JU1400	ML_2	JU1400	
MMP-ML_3-JU1400-trim-1.fq.gz	MMP-ML_3-JU1400-trim-2.fq.gz	MMP-ML_3-JU1400	ML_3	JU1400	
MMP-ML_5-JU1400-trim-1.fq.gz	MMP-ML_5-JU1400-trim-2.fq.gz	MMP-ML_5-JU1400	ML_5	JU1400	
MMP-ML_6-JU1400-trim-1.fq.gz	MMP-ML_6-JU1400-trim-2.fq.gz	MMP-ML_6-JU1400	ML_6	JU1400	
MMP-ML_7-JU1400-trim-1.fq.gz	MMP-ML_7-JU1400-trim-2.fq.gz	MMP-ML_7-JU1400	ML_7	JU1400	
Princeton1-PL_9-JU1400-trim-1.fq.gz	Princeton1-PL_9-JU1400-trim-2.fq.gz	Princeton1-PL_9-JU1400	PL_9	JU1400	
BGI1-RET5-JU1409-trim-1.fq.gz	BGI1-RET5-JU1409-trim-2.fq.gz	BGI1-RET5-JU1409	RET5	JU1409	
BGI2-RET5-JU1409-trim-1.fq.gz	BGI2-RET5-JU1409-trim-2.fq.gz	BGI2-RET5-JU1409	RET5	JU1409	
BGI3-RET5a-JU1409-trim-1.fq.gz	BGI3-RET5a-JU1409-trim-2.fq.gz	BGI3-RET5a-JU1409	RET5a	JU1409	
MMP-ML_2-JU1401-trim-1.fq.gz	MMP-ML_2-JU1401-trim-2.fq.gz	MMP-ML_2-JU1401	ML_2	JU1409	
MMP-ML_3-JU1401-trim-1.fq.gz	MMP-ML_3-JU1401-trim-2.fq.gz	MMP-ML_3-JU1401	ML_3	JU1409	
MMP-ML_5-JU1401-trim-1.fq.gz	MMP-ML_5-JU1401-trim-2.fq.gz	MMP-ML_5-JU1401	ML_5	JU1409	
MMP-ML_6-JU1401-trim-1.fq.gz	MMP-ML_6-JU1401-trim-2.fq.gz	MMP-ML_6-JU1401	ML_6	JU1409	
MMP-ML_7-JU1401-trim-1.fq.gz	MMP-ML_7-JU1401-trim-2.fq.gz	MMP-ML_7-JU1401	ML_7	JU1409	
Princeton1-PL_2-JU1409-trim-1.fq.gz	Princeton1-PL_2-JU1409-trim-2.fq.gz	Princeton1-PL_2-JU1409	PL_2	JU1409	
Princeton1-PL_22-JU1409-trim-1.fq.gz	Princeton1-PL_22-JU1409-trim-2.fq.gz	Princeton1-PL_22-JU1409	PL_22	JU1409	
UChicago2-L007-JU1440-GGACTCCT-CTCTCTAT-trim-1.fq.gz	UChicago2-L007-JU1440-GGACTCCT-CTCTCTAT-trim-2.fq.gz	UChicago2-L007-JU1440	L007	JU1440	
UChicago-EA1-JU1440-GGACTCCT-CTCTCTAT-trim-1.fq.gz	UChicago-EA1-JU1440-GGACTCCT-CTCTCTAT-trim-2.fq.gz	UChicago-EA1-JU1440	EA1	JU1440	
BGI2-RET6-JU1440-trim-1.fq.gz	BGI2-RET6-JU1440-trim-2.fq.gz	BGI2-RET6-JU1440	RET6	JU1440	
BGI3-RET6a-JU1440-trim-1.fq.gz	BGI3-RET6a-JU1440-trim-2.fq.gz	BGI3-RET6a-JU1440	RET6a	JU1440	
BGI1-RET3-JU1491-trim-1.fq.gz	BGI1-RET3-JU1491-trim-2.fq.gz	BGI1-RET3-JU1491	RET3	JU1491	
BGI2-RET3-JU1491-trim-1.fq.gz	BGI2-RET3-JU1491-trim-2.fq.gz	BGI2-RET3-JU1491	RET3	JU1491	
BGI3-RET3a-JU1491-trim-1.fq.gz	BGI3-RET3a-JU1491-trim-2.fq.gz	BGI3-RET3a-JU1491	RET3a	JU1491	
Princeton1-PL_13-JU1491-trim-1.fq.gz	Princeton1-PL_13-JU1491-trim-2.fq.gz	Princeton1-PL_13-JU1491	PL_13	JU1491	
Princeton1-PL_14-JU1491-trim-1.fq.gz	Princeton1-PL_14-JU1491-trim-2.fq.gz	Princeton1-PL_14-JU1491	PL_14	JU1491	
BGI1-RET7-JU1530-trim-1.fq.gz	BGI1-RET7-JU1530-trim-2.fq.gz	BGI1-RET7-JU1530	RET7	JU1530	
BGI2-RET7-JU1530-trim-1.fq.gz	BGI2-RET7-JU1530-trim-2.fq.gz	BGI2-RET7-JU1530	RET7	JU1530	
BGI3-RET7b-JU1530-trim-1.fq.gz	BGI3-RET7b-JU1530-trim-2.fq.gz	BGI3-RET7b-JU1530	RET7b	JU1530	
Princeton1-PL_15-JU1530-trim-1.fq.gz	Princeton1-PL_15-JU1530-trim-2.fq.gz	Princeton1-PL_15-JU1530	PL_15	JU1530	
Princeton1-PL_16-JU1530-trim-1.fq.gz	Princeton1-PL_16-JU1530-trim-2.fq.gz	Princeton1-PL_16-JU1530	PL_16	JU1530	
BGI1-RET5-JU1568-trim-1.fq.gz	BGI1-RET5-JU1568-trim-2.fq.gz	BGI1-RET5-JU1568	RET5	JU1568	
BGI2-RET5-JU1568-trim-1.fq.gz	BGI2-RET5-JU1568-trim-2.fq.gz	BGI2-RET5-JU1568	RET5	JU1568	
BGI3-RET5a-JU1568-trim-1.fq.gz	BGI3-RET5a-JU1568-trim-2.fq.gz	BGI3-RET5a-JU1568	RET5a	JU1568	
BGI1-RET1-JU1580-trim-1.fq.gz	BGI1-RET1-JU1580-trim-2.fq.gz	BGI1-RET1-JU1580	RET1	JU1580	
BGI2-RET1-JU1580-trim-1.fq.gz	BGI2-RET1-JU1580-trim-2.fq.gz	BGI2-RET1-JU1580	RET1	JU1580	
BGI3-RET1b-JU1580-trim-1.fq.gz	BGI3-RET1b-JU1580-trim-2.fq.gz	BGI3-RET1b-JU1580	RET1b	JU1580	
Princeton1-PL_10-JU1580-trim-1.fq.gz	Princeton1-PL_10-JU1580-trim-2.fq.gz	Princeton1-PL_10-JU1580	PL_10	JU1580	
Princeton1-PL_11-JU1580-trim-1.fq.gz	Princeton1-PL_11-JU1580-trim-2.fq.gz	Princeton1-PL_11-JU1580	PL_11	JU1580	
BGI1-RET4-JU1516-trim-1.fq.gz	BGI1-RET4-JU1516-trim-2.fq.gz	BGI1-RET4-JU1516	RET4	JU1581	
BGI1-RET6-JU1581-trim-1.fq.gz	BGI1-RET6-JU1581-trim-2.fq.gz	BGI1-RET6-JU1581	RET6	JU1581	
BGI2-RET4-JU1516-trim-1.fq.gz	BGI2-RET4-JU1516-trim-2.fq.gz	BGI2-RET4-JU1516	RET4	JU1581	
BGI2-RET6-JU1581-trim-1.fq.gz	BGI2-RET6-JU1581-trim-2.fq.gz	BGI2-RET6-JU1581	RET6	JU1581	
BGI3-RET4b-JU1516-trim-1.fq.gz	BGI3-RET4b-JU1516-trim-2.fq.gz	BGI3-RET4b-JU1516	RET4b	JU1581	
BGI3-RET6b-JU1581-trim-1.fq.gz	BGI3-RET6b-JU1581-trim-2.fq.gz	BGI3-RET6b-JU1581	RET6b	JU1581	
Princeton1-PL_13-JU1581-trim-1.fq.gz	Princeton1-PL_13-JU1581-trim-2.fq.gz	Princeton1-PL_13-JU1581	PL_13	JU1581	
Princeton1-PL_14-JU1581-trim-1.fq.gz	Princeton1-PL_14-JU1581-trim-2.fq.gz	Princeton1-PL_14-JU1581	PL_14	JU1581	
Princeton1-PL_5-JU1516-trim-1.fq.gz	Princeton1-PL_5-JU1516-trim-2.fq.gz	Princeton1-PL_5-JU1516	PL_5	JU1581	
Princeton1-PL_6-JU1516-trim-1.fq.gz	Princeton1-PL_6-JU1516-trim-2.fq.gz	Princeton1-PL_6-JU1516	PL_6	JU1581	
BGI1-RET3-JU1586-trim-1.fq.gz	BGI1-RET3-JU1586-trim-2.fq.gz	BGI1-RET3-JU1586	RET3	JU1586	
BGI2-RET3-JU1586-trim-1.fq.gz	BGI2-RET3-JU1586-trim-2.fq.gz	BGI2-RET3-JU1586	RET3	JU1586	
BGI3-RET3a-JU1586-trim-1.fq.gz	BGI3-RET3a-JU1586-trim-2.fq.gz	BGI3-RET3a-JU1586	RET3a	JU1586	
Princeton1-PL_15-JU1586-trim-1.fq.gz	Princeton1-PL_15-JU1586-trim-2.fq.gz	Princeton1-PL_15-JU1586	PL_15	JU1586	
Princeton1-PL_16-JU1586-trim-1.fq.gz	Princeton1-PL_16-JU1586-trim-2.fq.gz	Princeton1-PL_16-JU1586	PL_16	JU1586	
BGI1-RET7-JU1652-trim-1.fq.gz	BGI1-RET7-JU1652-trim-2.fq.gz	BGI1-RET7-JU1652	RET7	JU1652	
BGI2-RET7-JU1652-trim-1.fq.gz	BGI2-RET7-JU1652-trim-2.fq.gz	BGI2-RET7-JU1652	RET7	JU1652	
BGI3-RET7b-JU1652-trim-1.fq.gz	BGI3-RET7b-JU1652-trim-2.fq.gz	BGI3-RET7b-JU1652	RET7b	JU1652	
MMP-ML_2-JU1652-trim-1.fq.gz	MMP-ML_2-JU1652-trim-2.fq.gz	MMP-ML_2-JU1652	ML_2	JU1652	
MMP-ML_3-JU1652-trim-1.fq.gz	MMP-ML_3-JU1652-trim-2.fq.gz	MMP-ML_3-JU1652	ML_3	JU1652	
MMP-ML_5-JU1652-trim-1.fq.gz	MMP-ML_5-JU1652-trim-2.fq.gz	MMP-ML_5-JU1652	ML_5	JU1652	
MMP-ML_6-JU1652-trim-1.fq.gz	MMP-ML_6-JU1652-trim-2.fq.gz	MMP-ML_6-JU1652	ML_6	JU1652	
MMP-ML_7-JU1652-trim-1.fq.gz	MMP-ML_7-JU1652-trim-2.fq.gz	MMP-ML_7-JU1652	ML_7	JU1652	
BGI1-RET4-JU1896-trim-1.fq.gz	BGI1-RET4-JU1896-trim-2.fq.gz	BGI1-RET4-JU1896	RET4	JU1896	
BGI2-RET4-JU1896-trim-1.fq.gz	BGI2-RET4-JU1896-trim-2.fq.gz	BGI2-RET4-JU1896	RET4	JU1896	
BGI3-RET4a-JU1896-trim-1.fq.gz	BGI3-RET4a-JU1896-trim-2.fq.gz	BGI3-RET4a-JU1896	RET4a	JU1896	
Princeton1-PL_12-JU1896-trim-1.fq.gz	Princeton1-PL_12-JU1896-trim-2.fq.gz	Princeton1-PL_12-JU1896	PL_12	JU1896	
BGI2-RET6-JU2001-trim-1.fq.gz	BGI2-RET6-JU2001-trim-2.fq.gz	BGI2-RET6-JU2001	RET6	JU2001	
BGI3-RET6b-JU2001-trim-1.fq.gz	BGI3-RET6b-JU2001-trim-2.fq.gz	BGI3-RET6b-JU2001	RET6b	JU2001	
Princeton1-PL_3-JU2001-trim-1.fq.gz	Princeton1-PL_3-JU2001-trim-2.fq.gz	Princeton1-PL_3-JU2001	PL_3	JU2001	
Princeton1-PL_4-JU2001-trim-1.fq.gz	Princeton1-PL_4-JU2001-trim-2.fq.gz	Princeton1-PL_4-JU2001	PL_4	JU2001	
BGI1-RET3-JU2007-trim-1.fq.gz	BGI1-RET3-JU2007-trim-2.fq.gz	BGI1-RET3-JU2007	RET3	JU2007	
BGI2-RET3-JU2007-trim-1.fq.gz	BGI2-RET3-JU2007-trim-2.fq.gz	BGI2-RET3-JU2007	RET3	JU2007	
BGI3-RET3b-JU2007-trim-1.fq.gz	BGI3-RET3b-JU2007-trim-2.fq.gz	BGI3-RET3b-JU2007	RET3b	JU2007	
Princeton1-PL_5-JU2007-trim-1.fq.gz	Princeton1-PL_5-JU2007-trim-2.fq.gz	Princeton1-PL_5-JU2007	PL_5	JU2007	
Princeton1-PL_6-JU2007-trim-1.fq.gz	Princeton1-PL_6-JU2007-trim-2.fq.gz	Princeton1-PL_6-JU2007	PL_6	JU2007	
UChicago2-L007-JU2316-CGTACTAG-CTCTCTAT-trim-1.fq.gz	UChicago2-L007-JU2316-CGTACTAG-CTCTCTAT-trim-2.fq.gz	UChicago2-L007-JU2316	L007	JU2316	
UChicago-EA1-JU2316-CGTACTAG-CTCTCTAT-trim-1.fq.gz	UChicago-EA1-JU2316-CGTACTAG-CTCTCTAT-trim-2.fq.gz	UChicago-EA1-JU2316	EA1	JU2316	
UChicago2-L007-JU2464-GGACTCCT-AGAGTAGA-trim-1.fq.gz	UChicago2-L007-JU2464-GGACTCCT-AGAGTAGA-trim-2.fq.gz	UChicago2-L007-JU2464	L007	JU2464	
UChicago2-L008-JU2467-TAAGGCGA-TAGATCGC-trim-1.fq.gz	UChicago2-L008-JU2467-TAAGGCGA-TAGATCGC-trim-2.fq.gz	UChicago2-L008-JU2467	L008	JU2464	
UChicago2-L008-JU2468-CGTACTAG-AGAGTAGA-trim-1.fq.gz	UChicago2-L008-JU2468-CGTACTAG-AGAGTAGA-trim-2.fq.gz	UChicago2-L008-JU2468	L008	JU2464	
UChicago-EA1-JU2464-GGACTCCT-AGAGTAGA-trim-1.fq.gz	UChicago-EA1-JU2464-GGACTCCT-AGAGTAGA-trim-2.fq.gz	UChicago-EA1-JU2464	EA1	JU2464	
UChicago-EA2-JU2467-TAAGGCGA-TAGATCGC-trim-1.fq.gz	UChicago-EA2-JU2467-TAAGGCGA-TAGATCGC-trim-2.fq.gz	UChicago-EA2-JU2467	EA2	JU2464	
UChicago-EA2-JU2468-CGTACTAG-AGAGTAGA-trim-1.fq.gz	UChicago-EA2-JU2468-CGTACTAG-AGAGTAGA-trim-2.fq.gz	UChicago-EA2-JU2468	EA2	JU2464	
UChicago2-L007-JU2466-AGGCAGAA-TATCCTCT-trim-1.fq.gz	UChicago2-L007-JU2466-AGGCAGAA-TATCCTCT-trim-2.fq.gz	UChicago2-L007-JU2466	L007	JU2466	
UChicago-EA1-JU2466-AGGCAGAA-TATCCTCT-trim-1.fq.gz	UChicago-EA1-JU2466-AGGCAGAA-TATCCTCT-trim-2.fq.gz	UChicago-EA1-JU2466	EA1	JU2466	
UChicago2-L008-JU2513-GGACTCCT-AGAGTAGA-trim-1.fq.gz	UChicago2-L008-JU2513-GGACTCCT-AGAGTAGA-trim-2.fq.gz	UChicago2-L008-JU2513	L008	JU2513	
UChicago-EA2-JU2513-GGACTCCT-AGAGTAGA-trim-1.fq.gz	UChicago-EA2-JU2513-GGACTCCT-AGAGTAGA-trim-2.fq.gz	UChicago-EA2-JU2513	EA2	JU2513	
UChicago2-L008-JU2519-AGGCAGAA-CTCTCTAT-trim-1.fq.gz	UChicago2-L008-JU2519-AGGCAGAA-CTCTCTAT-trim-2.fq.gz	UChicago2-L008-JU2519	L008	JU2519	
UChicago-EA2-JU2519-AGGCAGAA-CTCTCTAT-trim-1.fq.gz	UChicago-EA2-JU2519-AGGCAGAA-CTCTCTAT-trim-2.fq.gz	UChicago-EA2-JU2519	EA2	JU2519	
UChicago2-L008-JU2522-TCCTGAGC-CTCTCTAT-trim-1.fq.gz	UChicago2-L008-JU2522-TCCTGAGC-CTCTCTAT-trim-2.fq.gz	UChicago2-L008-JU2522	L008	JU2522	
UChicago-EA2-JU2522-TCCTGAGC-CTCTCTAT-trim-1.fq.gz	UChicago-EA2-JU2522-TCCTGAGC-CTCTCTAT-trim-2.fq.gz	UChicago-EA2-JU2522	EA2	JU2522	
UChicago2-L008-JU2526-TAGGCATG-CTCTCTAT-trim-1.fq.gz	UChicago2-L008-JU2526-TAGGCATG-CTCTCTAT-trim-2.fq.gz	UChicago2-L008-JU2526	L008	JU2526	
UChicago-EA2-JU2526-TAGGCATG-CTCTCTAT-trim-1.fq.gz	UChicago-EA2-JU2526-TAGGCATG-CTCTCTAT-trim-2.fq.gz	UChicago-EA2-JU2526	EA2	JU2526	
BGI1-RET1-JU258-trim-1.fq.gz	BGI1-RET1-JU258-trim-2.fq.gz	BGI1-RET1-JU258	RET1	JU258	
BGI2-RET1-JU258-trim-1.fq.gz	BGI2-RET1-JU258-trim-2.fq.gz	BGI2-RET1-JU258	RET1	JU258	
BGI3-RET1a-JU258-trim-1.fq.gz	BGI3-RET1a-JU258-trim-2.fq.gz	BGI3-RET1a-JU258	RET1a	JU258	
MMP-ML_2-JU258-trim-1.fq.gz	MMP-ML_2-JU258-trim-2.fq.gz	MMP-ML_2-JU258	ML_2	JU258	
MMP-ML_3-JU258-trim-1.fq.gz	MMP-ML_3-JU258-trim-2.fq.gz	MMP-ML_3-JU258	ML_3	JU258	
MMP-ML_5-JU258-trim-1.fq.gz	MMP-ML_5-JU258-trim-2.fq.gz	MMP-ML_5-JU258	ML_5	JU258	
MMP-ML_6-JU258-trim-1.fq.gz	MMP-ML_6-JU258-trim-2.fq.gz	MMP-ML_6-JU258	ML_6	JU258	
MMP-ML_7-JU258-trim-1.fq.gz	MMP-ML_7-JU258-trim-2.fq.gz	MMP-ML_7-JU258	ML_7	JU258	
Princeton2-P-JU258-trim-1.fq.gz	Princeton2-P-JU258-trim-2.fq.gz	Princeton2-P-JU258	P	JU258	
BGI1-RET4-JU310-trim-1.fq.gz	BGI1-RET4-JU310-trim-2.fq.gz	BGI1-RET4-JU310	RET4	JU310	
BGI2-RET4-JU310-trim-1.fq.gz	BGI2-RET4-JU310-trim-2.fq.gz	BGI2-RET4-JU310	RET4	JU310	
BGI3-RET4b-JU310-trim-1.fq.gz	BGI3-RET4b-JU310-trim-2.fq.gz	BGI3-RET4b-JU310	RET4b	JU310	
MMP-ML_2-JU263-trim-1.fq.gz	MMP-ML_2-JU263-trim-2.fq.gz	MMP-ML_2-JU263	ML_2	JU310	
MMP-ML_2-JU300-trim-1.fq.gz	MMP-ML_2-JU300-trim-2.fq.gz	MMP-ML_2-JU300	ML_2	JU310	
MMP-ML_3-JU263-trim-1.fq.gz	MMP-ML_3-JU263-trim-2.fq.gz	MMP-ML_3-JU263	ML_3	JU310	
MMP-ML_3-JU300-trim-1.fq.gz	MMP-ML_3-JU300-trim-2.fq.gz	MMP-ML_3-JU300	ML_3	JU310	
MMP-ML_5-JU263-trim-1.fq.gz	MMP-ML_5-JU263-trim-2.fq.gz	MMP-ML_5-JU263	ML_5	JU310	
MMP-ML_5-JU300-trim-1.fq.gz	MMP-ML_5-JU300-trim-2.fq.gz	MMP-ML_5-JU300	ML_5	JU310	
MMP-ML_6-JU263-trim-1.fq.gz	MMP-ML_6-JU263-trim-2.fq.gz	MMP-ML_6-JU263	ML_6	JU310	
MMP-ML_6-JU300-trim-1.fq.gz	MMP-ML_6-JU300-trim-2.fq.gz	MMP-ML_6-JU300	ML_6	JU310	
MMP-ML_7-JU263-trim-1.fq.gz	MMP-ML_7-JU263-trim-2.fq.gz	MMP-ML_7-JU263	ML_7	JU310	
MMP-ML_7-JU300-trim-1.fq.gz	MMP-ML_7-JU300-trim-2.fq.gz	MMP-ML_7-JU300	ML_7	JU310	
Princeton1-PL_17-JU310-trim-1.fq.gz	Princeton1-PL_17-JU310-trim-2.fq.gz	Princeton1-PL_17-JU310	PL_17	JU310	
Princeton1-PL_20-JU310-trim-1.fq.gz	Princeton1-PL_20-JU310-trim-2.fq.gz	Princeton1-PL_20-JU310	PL_20	JU310	
Princeton1-PL_24-JU310-trim-1.fq.gz	Princeton1-PL_24-JU310-trim-2.fq.gz	Princeton1-PL_24-JU310	PL_24	JU310	
BGI1-RET3-JU315-trim-1.fq.gz	BGI1-RET3-JU315-trim-2.fq.gz	BGI1-RET3-JU315	RET3	JU311	
BGI1-RET5-JU311-trim-1.fq.gz	BGI1-RET5-JU311-trim-2.fq.gz	BGI1-RET5-JU311	RET5	JU311	
BGI2-RET3-JU315-trim-1.fq.gz	BGI2-RET3-JU315-trim-2.fq.gz	BGI2-RET3-JU315	RET3	JU311	
BGI2-RET5-JU311-trim-1.fq.gz	BGI2-RET5-JU311-trim-2.fq.gz	BGI2-RET5-JU311	RET5	JU311	
BGI3-RET3b-JU315-trim-1.fq.gz	BGI3-RET3b-JU315-trim-2.fq.gz	BGI3-RET3b-JU315	RET3b	JU311	
BGI3-RET5b-JU311-trim-1.fq.gz	BGI3-RET5b-JU311-trim-2.fq.gz	BGI3-RET5b-JU311	RET5b	JU311	
MMP-ML_2-JU312-trim-1.fq.gz	MMP-ML_2-JU312-trim-2.fq.gz	MMP-ML_2-JU312	ML_2	JU311	
MMP-ML_3-JU312-trim-1.fq.gz	MMP-ML_3-JU312-trim-2.fq.gz	MMP-ML_3-JU312	ML_3	JU311	
MMP-ML_5-JU312-trim-1.fq.gz	MMP-ML_5-JU312-trim-2.fq.gz	MMP-ML_5-JU312	ML_5	JU311	
MMP-ML_6-JU312-trim-1.fq.gz	MMP-ML_6-JU312-trim-2.fq.gz	MMP-ML_6-JU312	ML_6	JU311	
MMP-ML_7-JU312-trim-1.fq.gz	MMP-ML_7-JU312-trim-2.fq.gz	MMP-ML_7-JU312	ML_7	JU311	
Rockman-R083.8-JU319-trim-1.fq.gz	Rockman-R083.8-JU319-trim-2.fq.gz	Rockman-R083.8-JU319	R083.8	JU311	
Princeton1-PL_3-JU315-trim-1.fq.gz	Princeton1-PL_3-JU315-trim-2.fq.gz	Princeton1-PL_3-JU315	PL_3	JU311	
Princeton1-PL_4-JU315-trim-1.fq.gz	Princeton1-PL_4-JU315-trim-2.fq.gz	Princeton1-PL_4-JU315	PL_4	JU311	
BGI1-RET7-JU323-trim-1.fq.gz	BGI1-RET7-JU323-trim-2.fq.gz	BGI1-RET7-JU323	RET7	JU323	
BGI2-RET7-JU323-trim-1.fq.gz	BGI2-RET7-JU323-trim-2.fq.gz	BGI2-RET7-JU323	RET7	JU323	
BGI3-RET7a-JU323-trim-1.fq.gz	BGI3-RET7a-JU323-trim-2.fq.gz	BGI3-RET7a-JU323	RET7a	JU323	
MMP-ML_2-JU322-trim-1.fq.gz	MMP-ML_2-JU322-trim-2.fq.gz	MMP-ML_2-JU322	ML_2	JU323	
MMP-ML_3-JU322-trim-1.fq.gz	MMP-ML_3-JU322-trim-2.fq.gz	MMP-ML_3-JU322	ML_3	JU323	
MMP-ML_5-JU322-trim-1.fq.gz	MMP-ML_5-JU322-trim-2.fq.gz	MMP-ML_5-JU322	ML_5	JU323	
MMP-ML_6-JU322-trim-1.fq.gz	MMP-ML_6-JU322-trim-2.fq.gz	MMP-ML_6-JU322	ML_6	JU323	
MMP-ML_7-JU322-trim-1.fq.gz	MMP-ML_7-JU322-trim-2.fq.gz	MMP-ML_7-JU322	ML_7	JU323	
BGI1-RET2-JU346-trim-1.fq.gz	BGI1-RET2-JU346-trim-2.fq.gz	BGI1-RET2-JU346	RET2	JU346	
BGI2-RET2-JU346-trim-1.fq.gz	BGI2-RET2-JU346-trim-2.fq.gz	BGI2-RET2-JU346	RET2	JU346	
BGI3-RET2b-JU346-trim-1.fq.gz	BGI3-RET2b-JU346-trim-2.fq.gz	BGI3-RET2b-JU346	RET2b	JU346	
Rockman-R083.8-JU345-trim-1.fq.gz	Rockman-R083.8-JU345-trim-2.fq.gz	Rockman-R083.8-JU345	R083.8	JU346	
Princeton1-PL_9-JU346-trim-1.fq.gz	Princeton1-PL_9-JU346-trim-2.fq.gz	Princeton1-PL_9-JU346	PL_9	JU346	
UChicago2-L008-JU363-AGGCAGAA-AGAGTAGA-trim-1.fq.gz	UChicago2-L008-JU363-AGGCAGAA-AGAGTAGA-trim-2.fq.gz	UChicago2-L008-JU363	L008	JU360	
UChicago-EA2-JU363-AGGCAGAA-AGAGTAGA-trim-1.fq.gz	UChicago-EA2-JU363-AGGCAGAA-AGAGTAGA-trim-2.fq.gz	UChicago-EA2-JU363	EA2	JU360	
BGI1-RET1-JU360-trim-1.fq.gz	BGI1-RET1-JU360-trim-2.fq.gz	BGI1-RET1-JU360	RET1	JU360	
BGI1-RET2-JU363-trim-1.fq.gz	BGI1-RET2-JU363-trim-2.fq.gz	BGI1-RET2-JU363	RET2	JU360	
BGI2-RET1-JU360-trim-1.fq.gz	BGI2-RET1-JU360-trim-2.fq.gz	BGI2-RET1-JU360	RET1	JU360	
BGI2-RET2-JU363-trim-1.fq.gz	BGI2-RET2-JU363-trim-2.fq.gz	BGI2-RET2-JU363	RET2	JU360	
BGI3-RET1b-JU360-trim-1.fq.gz	BGI3-RET1b-JU360-trim-2.fq.gz	BGI3-RET1b-JU360	RET1b	JU360	
BGI3-RET2b-JU363-trim-1.fq.gz	BGI3-RET2b-JU363-trim-2.fq.gz	BGI3-RET2b-JU363	RET2b	JU360	
MMP-ML_2-JU360-trim-1.fq.gz	MMP-ML_2-JU360-trim-2.fq.gz	MMP-ML_2-JU360	ML_2	JU360	
MMP-ML_3-JU360-trim-1.fq.gz	MMP-ML_3-JU360-trim-2.fq.gz	MMP-ML_3-JU360	ML_3	JU360	
MMP-ML_5-JU360-trim-1.fq.gz	MMP-ML_5-JU360-trim-2.fq.gz	MMP-ML_5-JU360	ML_5	JU360	
MMP-ML_6-JU360-trim-1.fq.gz	MMP-ML_6-JU360-trim-2.fq.gz	MMP-ML_6-JU360	ML_6	JU360	
MMP-ML_7-JU360-trim-1.fq.gz	MMP-ML_7-JU360-trim-2.fq.gz	MMP-ML_7-JU360	ML_7	JU360	
Princeton1-PL_12-JU360-trim-1.fq.gz	Princeton1-PL_12-JU360-trim-2.fq.gz	Princeton1-PL_12-JU360	PL_12	JU360	
BGI1-RET7-JU367-trim-1.fq.gz	BGI1-RET7-JU367-trim-2.fq.gz	BGI1-RET7-JU367	RET7	JU367	
BGI2-RET7-JU367-trim-1.fq.gz	BGI2-RET7-JU367-trim-2.fq.gz	BGI2-RET7-JU367	RET7	JU367	
BGI3-RET7b-JU367-trim-1.fq.gz	BGI3-RET7b-JU367-trim-2.fq.gz	BGI3-RET7b-JU367	RET7b	JU367	
MMP-ML_2-JU361-trim-1.fq.gz	MMP-ML_2-JU361-trim-2.fq.gz	MMP-ML_2-JU361	ML_2	JU367	
MMP-ML_3-JU361-trim-1.fq.gz	MMP-ML_3-JU361-trim-2.fq.gz	MMP-ML_3-JU361	ML_3	JU367	
MMP-ML_5-JU361-trim-1.fq.gz	MMP-ML_5-JU361-trim-2.fq.gz	MMP-ML_5-JU361	ML_5	JU367	
MMP-ML_6-JU361-trim-1.fq.gz	MMP-ML_6-JU361-trim-2.fq.gz	MMP-ML_6-JU361	ML_6	JU367	
MMP-ML_7-JU361-trim-1.fq.gz	MMP-ML_7-JU361-trim-2.fq.gz	MMP-ML_7-JU361	ML_7	JU367	
BGI1-RET6-JU393-trim-1.fq.gz	BGI1-RET6-JU393-trim-2.fq.gz	BGI1-RET6-JU393	RET6	JU393	
BGI2-RET6-JU393-trim-1.fq.gz	BGI2-RET6-JU393-trim-2.fq.gz	BGI2-RET6-JU393	RET6	JU393	
BGI3-RET6b-JU393-trim-1.fq.gz	BGI3-RET6b-JU393-trim-2.fq.gz	BGI3-RET6b-JU393	RET6b	JU393	
BGI1-RET4-JU394-trim-1.fq.gz	BGI1-RET4-JU394-trim-2.fq.gz	BGI1-RET4-JU394	RET4	JU394	
BGI2-RET4-JU394-trim-1.fq.gz	BGI2-RET4-JU394-trim-2.fq.gz	BGI2-RET4-JU394	RET4	JU394	
BGI3-RET4b-JU394-trim-1.fq.gz	BGI3-RET4b-JU394-trim-2.fq.gz	BGI3-RET4b-JU394	RET4b	JU394	
MMP-ML_2-JU394-trim-1.fq.gz	MMP-ML_2-JU394-trim-2.fq.gz	MMP-ML_2-JU394	ML_2	JU394	
MMP-ML_3-JU394-trim-1.fq.gz	MMP-ML_3-JU394-trim-2.fq.gz	MMP-ML_3-JU394	ML_3	JU394	
MMP-ML_5-JU394-trim-1.fq.gz	MMP-ML_5-JU394-trim-2.fq.gz	MMP-ML_5-JU394	ML_5	JU394	
MMP-ML_6-JU394-trim-1.fq.gz	MMP-ML_6-JU394-trim-2.fq.gz	MMP-ML_6-JU394	ML_6	JU394	
MMP-ML_7-JU394-trim-1.fq.gz	MMP-ML_7-JU394-trim-2.fq.gz	MMP-ML_7-JU394	ML_7	JU394	
Rockman-R076.2-JU400-trim-1.fq.gz	Rockman-R076.2-JU400-trim-2.fq.gz	Rockman-R076.2-JU400	R076.2	JU394	
BGI1-RET5-JU397-trim-1.fq.gz	BGI1-RET5-JU397-trim-2.fq.gz	BGI1-RET5-JU397	RET5	JU397	
BGI2-RET5-JU397-trim-1.fq.gz	BGI2-RET5-JU397-trim-2.fq.gz	BGI2-RET5-JU397	RET5	JU397	
BGI3-RET5b-JU397-trim-1.fq.gz	BGI3-RET5b-JU397-trim-2.fq.gz	BGI3-RET5b-JU397	RET5b	JU397	
BGI1-RET6-JU406-trim-1.fq.gz	BGI1-RET6-JU406-trim-2.fq.gz	BGI1-RET6-JU406	RET6	JU406	
BGI2-RET6-JU406-trim-1.fq.gz	BGI2-RET6-JU406-trim-2.fq.gz	BGI2-RET6-JU406	RET6	JU406	
BGI3-RET6b-JU406-trim-1.fq.gz	BGI3-RET6b-JU406-trim-2.fq.gz	BGI3-RET6b-JU406	RET6b	JU406	
BGI1-RET3-JU440-trim-1.fq.gz	BGI1-RET3-JU440-trim-2.fq.gz	BGI1-RET3-JU440	RET3	JU440	
BGI2-RET3-JU440-trim-1.fq.gz	BGI2-RET3-JU440-trim-2.fq.gz	BGI2-RET3-JU440	RET3	JU440	
BGI3-RET3b-JU440-trim-1.fq.gz	BGI3-RET3b-JU440-trim-2.fq.gz	BGI3-RET3b-JU440	RET3b	JU440	
Princeton1-PL_9-JU440-trim-1.fq.gz	Princeton1-PL_9-JU440-trim-2.fq.gz	Princeton1-PL_9-JU440	PL_9	JU440	
BGI1-RET7-JU561-trim-1.fq.gz	BGI1-RET7-JU561-trim-2.fq.gz	BGI1-RET7-JU561	RET7	JU561	
BGI2-RET7-JU561-trim-1.fq.gz	BGI2-RET7-JU561-trim-2.fq.gz	BGI2-RET7-JU561	RET7	JU561	
BGI3-RET7b-JU561-trim-1.fq.gz	BGI3-RET7b-JU561-trim-2.fq.gz	BGI3-RET7b-JU561	RET7b	JU561	
BGI1-RET4-JU642-trim-1.fq.gz	BGI1-RET4-JU642-trim-2.fq.gz	BGI1-RET4-JU642	RET4	JU642	
BGI2-RET4-JU642-trim-1.fq.gz	BGI2-RET4-JU642-trim-2.fq.gz	BGI2-RET4-JU642	RET4	JU642	
BGI3-RET4b-JU642-trim-1.fq.gz	BGI3-RET4b-JU642-trim-2.fq.gz	BGI3-RET4b-JU642	RET4b	JU642	
MMP-ML_2-JU642-trim-1.fq.gz	MMP-ML_2-JU642-trim-2.fq.gz	MMP-ML_2-JU642	ML_2	JU642	
MMP-ML_3-JU642-trim-1.fq.gz	MMP-ML_3-JU642-trim-2.fq.gz	MMP-ML_3-JU642	ML_3	JU642	
MMP-ML_5-JU642-trim-1.fq.gz	MMP-ML_5-JU642-trim-2.fq.gz	MMP-ML_5-JU642	ML_5	JU642	
MMP-ML_6-JU642-trim-1.fq.gz	MMP-ML_6-JU642-trim-2.fq.gz	MMP-ML_6-JU642	ML_6	JU642	
MMP-ML_7-JU642-trim-1.fq.gz	MMP-ML_7-JU642-trim-2.fq.gz	MMP-ML_7-JU642	ML_7	JU642	
Princeton1-PL_18-JU642-trim-1.fq.gz	Princeton1-PL_18-JU642-trim-2.fq.gz	Princeton1-PL_18-JU642	PL_18	JU642	
Princeton1-PL_19-JU642-trim-1.fq.gz	Princeton1-PL_19-JU642-trim-2.fq.gz	Princeton1-PL_19-JU642	PL_19	JU642	
BGI1-RET5-JU751-trim-1.fq.gz	BGI1-RET5-JU751-trim-2.fq.gz	BGI1-RET5-JU751	RET5	JU751	
BGI2-RET5-JU751-trim-1.fq.gz	BGI2-RET5-JU751-trim-2.fq.gz	BGI2-RET5-JU751	RET5	JU751	
BGI3-RET5a-JU751-trim-1.fq.gz	BGI3-RET5a-JU751-trim-2.fq.gz	BGI3-RET5a-JU751	RET5a	JU751	
BGI1-RET7-JU774-trim-1.fq.gz	BGI1-RET7-JU774-trim-2.fq.gz	BGI1-RET7-JU774	RET7	JU774	
BGI2-RET7-JU774-trim-1.fq.gz	BGI2-RET7-JU774-trim-2.fq.gz	BGI2-RET7-JU774	RET7	JU774	
BGI3-RET7a-JU774-trim-1.fq.gz	BGI3-RET7a-JU774-trim-2.fq.gz	BGI3-RET7a-JU774	RET7a	JU774	
Princeton1-PL_18-JU774-trim-1.fq.gz	Princeton1-PL_18-JU774-trim-2.fq.gz	Princeton1-PL_18-JU774	PL_18	JU774	
Princeton1-PL_19-JU774-trim-1.fq.gz	Princeton1-PL_19-JU774-trim-2.fq.gz	Princeton1-PL_19-JU774	PL_19	JU774	
BGI1-RET2-JU775-trim-1.fq.gz	BGI1-RET2-JU775-trim-2.fq.gz	BGI1-RET2-JU775	RET2	JU775	
BGI2-RET2-JU775-trim-1.fq.gz	BGI2-RET2-JU775-trim-2.fq.gz	BGI2-RET2-JU775	RET2	JU775	
BGI3-RET2a-JU775-trim-1.fq.gz	BGI3-RET2a-JU775-trim-2.fq.gz	BGI3-RET2a-JU775	RET2a	JU775	
MMP-ML_2-JU775-trim-1.fq.gz	MMP-ML_2-JU775-trim-2.fq.gz	MMP-ML_2-JU775	ML_2	JU775	
MMP-ML_3-JU775-trim-1.fq.gz	MMP-ML_3-JU775-trim-2.fq.gz	MMP-ML_3-JU775	ML_3	JU775	
MMP-ML_5-JU775-trim-1.fq.gz	MMP-ML_5-JU775-trim-2.fq.gz	MMP-ML_5-JU775	ML_5	JU775	
MMP-ML_6-JU775-trim-1.fq.gz	MMP-ML_6-JU775-trim-2.fq.gz	MMP-ML_6-JU775	ML_6	JU775	
MMP-ML_7-JU775-trim-1.fq.gz	MMP-ML_7-JU775-trim-2.fq.gz	MMP-ML_7-JU775	ML_7	JU775	
Princeton1-PL_9-JU775-trim-1.fq.gz	Princeton1-PL_9-JU775-trim-2.fq.gz	Princeton1-PL_9-JU775	PL_9	JU775	
BGI1-RET1-JU778-trim-1.fq.gz	BGI1-RET1-JU778-trim-2.fq.gz	BGI1-RET1-JU778	RET1	JU778	
BGI2-RET1-JU778-trim-1.fq.gz	BGI2-RET1-JU778-trim-2.fq.gz	BGI2-RET1-JU778	RET1	JU778	
BGI3-RET1b-JU778-trim-1.fq.gz	BGI3-RET1b-JU778-trim-2.fq.gz	BGI3-RET1b-JU778	RET1b	JU778	
UChicago2-L007-JU782-TAAGGCGA-TATCCTCT-trim-1.fq.gz	UChicago2-L007-JU782-TAAGGCGA-TATCCTCT-trim-2.fq.gz	UChicago2-L007-JU782	L007	JU782	
UChicago-EA1-JU782-TAAGGCGA-TATCCTCT-trim-1.fq.gz	UChicago-EA1-JU782-TAAGGCGA-TATCCTCT-trim-2.fq.gz	UChicago-EA1-JU782	EA1	JU782	
BGI1-RET2-JU782-trim-1.fq.gz	BGI1-RET2-JU782-trim-2.fq.gz	BGI1-RET2-JU782	RET2	JU782	
BGI2-RET2-JU782-trim-1.fq.gz	BGI2-RET2-JU782-trim-2.fq.gz	BGI2-RET2-JU782	RET2	JU782	
BGI3-RET2a-JU782-trim-1.fq.gz	BGI3-RET2a-JU782-trim-2.fq.gz	BGI3-RET2a-JU782	RET2a	JU782	
Princeton1-PL_17-JU782-trim-1.fq.gz	Princeton1-PL_17-JU782-trim-2.fq.gz	Princeton1-PL_17-JU782	PL_17	JU782	
Princeton1-PL_21-JU782-trim-1.fq.gz	Princeton1-PL_21-JU782-trim-2.fq.gz	Princeton1-PL_21-JU782	PL_21	JU782	
Princeton1-PL_24-JU782-trim-1.fq.gz	Princeton1-PL_24-JU782-trim-2.fq.gz	Princeton1-PL_24-JU782	PL_24	JU782	
BGI2-RET6-JU792-trim-1.fq.gz	BGI2-RET6-JU792-trim-2.fq.gz	BGI2-RET6-JU792	RET6	JU792	
BGI3-RET6a-JU792-trim-1.fq.gz	BGI3-RET6a-JU792-trim-2.fq.gz	BGI3-RET6a-JU792	RET6a	JU792	
BGI1-RET3-JU830-trim-1.fq.gz	BGI1-RET3-JU830-trim-2.fq.gz	BGI1-RET3-JU830	RET3	JU830	
BGI2-RET3-JU830-trim-1.fq.gz	BGI2-RET3-JU830-trim-2.fq.gz	BGI2-RET3-JU830	RET3	JU830	
BGI3-RET3a-JU830-trim-1.fq.gz	BGI3-RET3a-JU830-trim-2.fq.gz	BGI3-RET3a-JU830	RET3a	JU830	
BGI1-RET7-JU847-trim-1.fq.gz	BGI1-RET7-JU847-trim-2.fq.gz	BGI1-RET7-JU847	RET7	JU847	
BGI2-RET7-JU847-trim-1.fq.gz	BGI2-RET7-JU847-trim-2.fq.gz	BGI2-RET7-JU847	RET7	JU847	
BGI3-RET7a-JU847-trim-1.fq.gz	BGI3-RET7a-JU847-trim-2.fq.gz	BGI3-RET7a-JU847	RET7a	JU847	
BGI1-RET5-KR314-trim-1.fq.gz	BGI1-RET5-KR314-trim-2.fq.gz	BGI1-RET5-KR314	RET5	KR314	
BGI2-RET5-KR314-trim-1.fq.gz	BGI2-RET5-KR314-trim-2.fq.gz	BGI2-RET5-KR314	RET5	KR314	
BGI3-RET5b-KR314-trim-1.fq.gz	BGI3-RET5b-KR314-trim-2.fq.gz	BGI3-RET5b-KR314	RET5b	KR314	
MMP-ML_2-KR314-trim-1.fq.gz	MMP-ML_2-KR314-trim-2.fq.gz	MMP-ML_2-KR314	ML_2	KR314	
MMP-ML_3-KR314-trim-1.fq.gz	MMP-ML_3-KR314-trim-2.fq.gz	MMP-ML_3-KR314	ML_3	KR314	
MMP-ML_5-KR314-trim-1.fq.gz	MMP-ML_5-KR314-trim-2.fq.gz	MMP-ML_5-KR314	ML_5	KR314	
MMP-ML_6-KR314-trim-1.fq.gz	MMP-ML_6-KR314-trim-2.fq.gz	MMP-ML_6-KR314	ML_6	KR314	
MMP-ML_7-KR314-trim-1.fq.gz	MMP-ML_7-KR314-trim-2.fq.gz	MMP-ML_7-KR314	ML_7	KR314	
Princeton1-PL_20-KR314-trim-1.fq.gz	Princeton1-PL_20-KR314-trim-2.fq.gz	Princeton1-PL_20-KR314	PL_20	KR314	
BGI1-RET3-LKC34-trim-1.fq.gz	BGI1-RET3-LKC34-trim-2.fq.gz	BGI1-RET3-LKC34	RET3	LKC34	
BGI2-RET3-LKC34-trim-1.fq.gz	BGI2-RET3-LKC34-trim-2.fq.gz	BGI2-RET3-LKC34	RET3	LKC34	
BGI3-RET3a-LKC34-trim-1.fq.gz	BGI3-RET3a-LKC34-trim-2.fq.gz	BGI3-RET3a-LKC34	RET3a	LKC34	
MMP-ML_2-LKC34-trim-1.fq.gz	MMP-ML_2-LKC34-trim-2.fq.gz	MMP-ML_2-LKC34	ML_2	LKC34	
MMP-ML_3-LKC34-trim-1.fq.gz	MMP-ML_3-LKC34-trim-2.fq.gz	MMP-ML_3-LKC34	ML_3	LKC34	
MMP-ML_5-LKC34-trim-1.fq.gz	MMP-ML_5-LKC34-trim-2.fq.gz	MMP-ML_5-LKC34	ML_5	LKC34	
MMP-ML_6-LKC34-trim-1.fq.gz	MMP-ML_6-LKC34-trim-2.fq.gz	MMP-ML_6-LKC34	ML_6	LKC34	
MMP-ML_7-LKC34-trim-1.fq.gz	MMP-ML_7-LKC34-trim-2.fq.gz	MMP-ML_7-LKC34	ML_7	LKC34	
Princeton1-PL_9-LKC34-trim-1.fq.gz	Princeton1-PL_9-LKC34-trim-2.fq.gz	Princeton1-PL_9-LKC34	PL_9	LKC34	
BGI1-RET4-LSJ1-trim-1.fq.gz	BGI1-RET4-LSJ1-trim-2.fq.gz	BGI1-RET4-LSJ1	RET4	LSJ1	
BGI2-RET4-LSJ1-trim-1.fq.gz	BGI2-RET4-LSJ1-trim-2.fq.gz	BGI2-RET4-LSJ1	RET4	LSJ1	
BGI3-RET4a-LSJ1-trim-1.fq.gz	BGI3-RET4a-LSJ1-trim-2.fq.gz	BGI3-RET4a-LSJ1	RET4a	LSJ1	
Princeton1-PL_15-LSJ1-trim-1.fq.gz	Princeton1-PL_15-LSJ1-trim-2.fq.gz	Princeton1-PL_15-LSJ1	PL_15	LSJ1	
Princeton1-PL_16-LSJ1-trim-1.fq.gz	Princeton1-PL_16-LSJ1-trim-2.fq.gz	Princeton1-PL_16-LSJ1	PL_16	LSJ1	
BGI1-RET2-MY1-trim-1.fq.gz	BGI1-RET2-MY1-trim-2.fq.gz	BGI1-RET2-MY1	RET2	MY1	
BGI2-RET2-MY1-trim-1.fq.gz	BGI2-RET2-MY1-trim-2.fq.gz	BGI2-RET2-MY1	RET2	MY1	
BGI3-RET2b-MY1-trim-1.fq.gz	BGI3-RET2b-MY1-trim-2.fq.gz	BGI3-RET2b-MY1	RET2b	MY1	
MMP-ML_2-MY1-trim-1.fq.gz	MMP-ML_2-MY1-trim-2.fq.gz	MMP-ML_2-MY1	ML_2	MY1	
MMP-ML_3-MY1-trim-1.fq.gz	MMP-ML_3-MY1-trim-2.fq.gz	MMP-ML_3-MY1	ML_3	MY1	
MMP-ML_5-MY1-trim-1.fq.gz	MMP-ML_5-MY1-trim-2.fq.gz	MMP-ML_5-MY1	ML_5	MY1	
MMP-ML_6-MY1-trim-1.fq.gz	MMP-ML_6-MY1-trim-2.fq.gz	MMP-ML_6-MY1	ML_6	MY1	
MMP-ML_7-MY1-trim-1.fq.gz	MMP-ML_7-MY1-trim-2.fq.gz	MMP-ML_7-MY1	ML_7	MY1	
Rockman-R076.3-MY1-trim-1.fq.gz	Rockman-R076.3-MY1-trim-2.fq.gz	Rockman-R076.3-MY1	R076.3	MY1	
Princeton1-PL_15-MY1-trim-1.fq.gz	Princeton1-PL_15-MY1-trim-2.fq.gz	Princeton1-PL_15-MY1	PL_15	MY1	
Princeton1-PL_16-MY1-trim-1.fq.gz	Princeton1-PL_16-MY1-trim-2.fq.gz	Princeton1-PL_16-MY1	PL_16	MY1	
BGI1-RET3-MY10-trim-1.fq.gz	BGI1-RET3-MY10-trim-2.fq.gz	BGI1-RET3-MY10	RET3	MY10	
BGI2-RET3-MY10-trim-1.fq.gz	BGI2-RET3-MY10-trim-2.fq.gz	BGI2-RET3-MY10	RET3	MY10	
BGI3-RET3b-MY10-trim-1.fq.gz	BGI3-RET3b-MY10-trim-2.fq.gz	BGI3-RET3b-MY10	RET3b	MY10	
Princeton1-PL_18-MY10-trim-1.fq.gz	Princeton1-PL_18-MY10-trim-2.fq.gz	Princeton1-PL_18-MY10	PL_18	MY10	
Princeton1-PL_19-MY10-trim-1.fq.gz	Princeton1-PL_19-MY10-trim-2.fq.gz	Princeton1-PL_19-MY10	PL_19	MY10	
BGI1-RET2-MY16-trim-1.fq.gz	BGI1-RET2-MY16-trim-2.fq.gz	BGI1-RET2-MY16	RET2	MY16	
BGI2-RET2-MY16-trim-1.fq.gz	BGI2-RET2-MY16-trim-2.fq.gz	BGI2-RET2-MY16	RET2	MY16	
BGI3-RET2a-MY16-trim-1.fq.gz	BGI3-RET2a-MY16-trim-2.fq.gz	BGI3-RET2a-MY16	RET2a	MY16	
MMP-ML_2-MY16-trim-1.fq.gz	MMP-ML_2-MY16-trim-2.fq.gz	MMP-ML_2-MY16	ML_2	MY16	
MMP-ML_3-MY16-trim-1.fq.gz	MMP-ML_3-MY16-trim-2.fq.gz	MMP-ML_3-MY16	ML_3	MY16	
MMP-ML_5-MY16-trim-1.fq.gz	MMP-ML_5-MY16-trim-2.fq.gz	MMP-ML_5-MY16	ML_5	MY16	
MMP-ML_6-MY16-trim-1.fq.gz	MMP-ML_6-MY16-trim-2.fq.gz	MMP-ML_6-MY16	ML_6	MY16	
MMP-ML_7-MY16-trim-1.fq.gz	MMP-ML_7-MY16-trim-2.fq.gz	MMP-ML_7-MY16	ML_7	MY16	
Rockman-R076.2-MY16-trim-1.fq.gz	Rockman-R076.2-MY16-trim-2.fq.gz	Rockman-R076.2-MY16	R076.2	MY16	
Rockman-R096.2-MY16-trim-1.fq.gz	Rockman-R096.2-MY16-trim-2.fq.gz	Rockman-R096.2-MY16	R096.2	MY16	
Princeton1-PL_22-MY16-trim-1.fq.gz	Princeton1-PL_22-MY16-trim-2.fq.gz	Princeton1-PL_22-MY16	PL_22	MY16	
BGI1-RET7-MY18-trim-1.fq.gz	BGI1-RET7-MY18-trim-2.fq.gz	BGI1-RET7-MY18	RET7	MY18	
BGI2-RET7-MY18-trim-1.fq.gz	BGI2-RET7-MY18-trim-2.fq.gz	BGI2-RET7-MY18	RET7	MY18	
BGI3-RET7a-MY18-trim-1.fq.gz	BGI3-RET7a-MY18-trim-2.fq.gz	BGI3-RET7a-MY18	RET7a	MY18	
MMP-ML_2-MY6-trim-1.fq.gz	MMP-ML_2-MY6-trim-2.fq.gz	MMP-ML_2-MY6	ML_2	MY18	
MMP-ML_3-MY6-trim-1.fq.gz	MMP-ML_3-MY6-trim-2.fq.gz	MMP-ML_3-MY6	ML_3	MY18	
MMP-ML_5-MY6-trim-1.fq.gz	MMP-ML_5-MY6-trim-2.fq.gz	MMP-ML_5-MY6	ML_5	MY18	
MMP-ML_6-MY6-trim-1.fq.gz	MMP-ML_6-MY6-trim-2.fq.gz	MMP-ML_6-MY6	ML_6	MY18	
MMP-ML_7-MY6-trim-1.fq.gz	MMP-ML_7-MY6-trim-2.fq.gz	MMP-ML_7-MY6	ML_7	MY18	
Rockman-R096.4-MY18-trim-1.fq.gz	Rockman-R096.4-MY18-trim-2.fq.gz	Rockman-R096.4-MY18	R096.4	MY18	
Princeton1-PL_18-MY18-trim-1.fq.gz	Princeton1-PL_18-MY18-trim-2.fq.gz	Princeton1-PL_18-MY18	PL_18	MY18	
Princeton1-PL_19-MY18-trim-1.fq.gz	Princeton1-PL_19-MY18-trim-2.fq.gz	Princeton1-PL_19-MY18	PL_19	MY18	
BGI1-RET1-MY23-trim-1.fq.gz	BGI1-RET1-MY23-trim-2.fq.gz	BGI1-RET1-MY23	RET1	MY23	
BGI2-RET1-MY23-trim-1.fq.gz	BGI2-RET1-MY23-trim-2.fq.gz	BGI2-RET1-MY23	RET1	MY23	
BGI3-RET1a-MY23-trim-1.fq.gz	BGI3-RET1a-MY23-trim-2.fq.gz	BGI3-RET1a-MY23	RET1a	MY23	
MMP-ML_2-MY2-trim-1.fq.gz	MMP-ML_2-MY2-trim-2.fq.gz	MMP-ML_2-MY2	ML_2	MY23	
MMP-ML_3-MY2-trim-1.fq.gz	MMP-ML_3-MY2-trim-2.fq.gz	MMP-ML_3-MY2	ML_3	MY23	
MMP-ML_5-MY2-trim-1.fq.gz	MMP-ML_5-MY2-trim-2.fq.gz	MMP-ML_5-MY2	ML_5	MY23	
MMP-ML_6-MY2-trim-1.fq.gz	MMP-ML_6-MY2-trim-2.fq.gz	MMP-ML_6-MY2	ML_6	MY23	
MMP-ML_7-MY2-trim-1.fq.gz	MMP-ML_7-MY2-trim-2.fq.gz	MMP-ML_7-MY2	ML_7	MY23	
Princeton1-PL_12-MY23-trim-1.fq.gz	Princeton1-PL_12-MY23-trim-2.fq.gz	Princeton1-PL_12-MY23	PL_12	MY23	
Princeton2-P-MY23-trim-1.fq.gz	Princeton2-P-MY23-trim-2.fq.gz	Princeton2-P-MY23	P	MY23	
UChicago2-L007-ECA254-TAGGCATG-TAGATCGC-trim-1.fq.gz	UChicago2-L007-ECA254-TAGGCATG-TAGATCGC-trim-2.fq.gz	UChicago2-L007-ECA254	L007	N2	
UChicago-EA1-ECA254-TAGGCATG-TAGATCGC-trim-1.fq.gz	UChicago-EA1-ECA254-TAGGCATG-TAGATCGC-trim-2.fq.gz	UChicago-EA1-ECA254	EA1	N2	
BGI1-RET1-ECA253-trim-1.fq.gz	BGI1-RET1-ECA253-trim-2.fq.gz	BGI1-RET1-ECA253	RET1	N2	
BGI1-RET6-N2-trim-1.fq.gz	BGI1-RET6-N2-trim-2.fq.gz	BGI1-RET6-N2	RET6	N2	
BGI2-RET1-ECA253-trim-1.fq.gz	BGI2-RET1-ECA253-trim-2.fq.gz	BGI2-RET1-ECA253	RET1	N2	
BGI2-RET6-N2-trim-1.fq.gz	BGI2-RET6-N2-trim-2.fq.gz	BGI2-RET6-N2	RET6	N2	
BGI3-RET1a-ECA253-trim-1.fq.gz	BGI3-RET1a-ECA253-trim-2.fq.gz	BGI3-RET1a-ECA253	RET1a	N2	
BGI3-RET6b-N2-trim-1.fq.gz	BGI3-RET6b-N2-trim-2.fq.gz	BGI3-RET6b-N2	RET6b	N2	
Princeton2-P-ECA253-trim-1.fq.gz	Princeton2-P-ECA253-trim-2.fq.gz	Princeton2-P-ECA253	P	N2	
BGI1-RET3-NIC1-trim-1.fq.gz	BGI1-RET3-NIC1-trim-2.fq.gz	BGI1-RET3-NIC1	RET3	NIC1	
BGI2-RET3-NIC1-trim-1.fq.gz	BGI2-RET3-NIC1-trim-2.fq.gz	BGI2-RET3-NIC1	RET3	NIC1	
BGI3-RET3a-NIC1-trim-1.fq.gz	BGI3-RET3a-NIC1-trim-2.fq.gz	BGI3-RET3a-NIC1	RET3a	NIC1	
Princeton1-PL_3-NIC1-trim-1.fq.gz	Princeton1-PL_3-NIC1-trim-2.fq.gz	Princeton1-PL_3-NIC1	PL_3	NIC1	
Princeton1-PL_4-NIC1-trim-1.fq.gz	Princeton1-PL_4-NIC1-trim-2.fq.gz	Princeton1-PL_4-NIC1	PL_4	NIC1	
BGI1-RET5-NIC166-trim-1.fq.gz	BGI1-RET5-NIC166-trim-2.fq.gz	BGI1-RET5-NIC166	RET5	NIC166	
BGI2-RET5-NIC166-trim-1.fq.gz	BGI2-RET5-NIC166-trim-2.fq.gz	BGI2-RET5-NIC166	RET5	NIC166	
BGI3-RET5a-NIC166-trim-1.fq.gz	BGI3-RET5a-NIC166-trim-2.fq.gz	BGI3-RET5a-NIC166	RET5a	NIC166	
BGI1-RET2-NIC196-trim-1.fq.gz	BGI1-RET2-NIC196-trim-2.fq.gz	BGI1-RET2-NIC196	RET2	NIC195	
BGI1-RET3-NIC197-trim-1.fq.gz	BGI1-RET3-NIC197-trim-2.fq.gz	BGI1-RET3-NIC197	RET3	NIC195	
BGI1-RET4-NIC198-trim-1.fq.gz	BGI1-RET4-NIC198-trim-2.fq.gz	BGI1-RET4-NIC198	RET4	NIC195	
BGI1-RET5-NIC195-trim-1.fq.gz	BGI1-RET5-NIC195-trim-2.fq.gz	BGI1-RET5-NIC195	RET5	NIC195	
BGI2-RET2-NIC196-trim-1.fq.gz	BGI2-RET2-NIC196-trim-2.fq.gz	BGI2-RET2-NIC196	RET2	NIC195	
BGI2-RET3-NIC197-trim-1.fq.gz	BGI2-RET3-NIC197-trim-2.fq.gz	BGI2-RET3-NIC197	RET3	NIC195	
BGI2-RET4-NIC198-trim-1.fq.gz	BGI2-RET4-NIC198-trim-2.fq.gz	BGI2-RET4-NIC198	RET4	NIC195	
BGI2-RET5-NIC195-trim-1.fq.gz	BGI2-RET5-NIC195-trim-2.fq.gz	BGI2-RET5-NIC195	RET5	NIC195	
BGI3-RET2b-NIC196-trim-1.fq.gz	BGI3-RET2b-NIC196-trim-2.fq.gz	BGI3-RET2b-NIC196	RET2b	NIC195	
BGI3-RET3a-NIC197-trim-1.fq.gz	BGI3-RET3a-NIC197-trim-2.fq.gz	BGI3-RET3a-NIC197	RET3a	NIC195	
BGI3-RET4a-NIC198-trim-1.fq.gz	BGI3-RET4a-NIC198-trim-2.fq.gz	BGI3-RET4a-NIC198	RET4a	NIC195	
BGI3-RET5a-NIC195-trim-1.fq.gz	BGI3-RET5a-NIC195-trim-2.fq.gz	BGI3-RET5a-NIC195	RET5a	NIC195	
BGI1-RET6-NIC199-trim-1.fq.gz	BGI1-RET6-NIC199-trim-2.fq.gz	BGI1-RET6-NIC199	RET6	NIC199	
BGI1-RET7-NIC200-trim-1.fq.gz	BGI1-RET7-NIC200-trim-2.fq.gz	BGI1-RET7-NIC200	RET7	NIC199	
BGI2-RET6-NIC199-trim-1.fq.gz	BGI2-RET6-NIC199-trim-2.fq.gz	BGI2-RET6-NIC199	RET6	NIC199	
BGI2-RET7-NIC200-trim-1.fq.gz	BGI2-RET7-NIC200-trim-2.fq.gz	BGI2-RET7-NIC200	RET7	NIC199	
BGI3-RET6a-NIC199-trim-1.fq.gz	BGI3-RET6a-NIC199-trim-2.fq.gz	BGI3-RET6a-NIC199	RET6a	NIC199	
BGI3-RET7a-NIC200-trim-1.fq.gz	BGI3-RET7a-NIC200-trim-2.fq.gz	BGI3-RET7a-NIC200	RET7a	NIC199	
BGI1-RET2-NIC2-trim-1.fq.gz	BGI1-RET2-NIC2-trim-2.fq.gz	BGI1-RET2-NIC2	RET2	NIC2	
BGI2-RET2-NIC2-trim-1.fq.gz	BGI2-RET2-NIC2-trim-2.fq.gz	BGI2-RET2-NIC2	RET2	NIC2	
BGI3-RET2a-NIC2-trim-1.fq.gz	BGI3-RET2a-NIC2-trim-2.fq.gz	BGI3-RET2a-NIC2	RET2a	NIC2	
Princeton1-PL_5-NIC2-trim-1.fq.gz	Princeton1-PL_5-NIC2-trim-2.fq.gz	Princeton1-PL_5-NIC2	PL_5	NIC2	
Princeton1-PL_6-NIC2-trim-1.fq.gz	Princeton1-PL_6-NIC2-trim-2.fq.gz	Princeton1-PL_6-NIC2	PL_6	NIC2	
BGI1-RET3-NIC207-trim-1.fq.gz	BGI1-RET3-NIC207-trim-2.fq.gz	BGI1-RET3-NIC207	RET3	NIC207	
BGI2-RET3-NIC207-trim-1.fq.gz	BGI2-RET3-NIC207-trim-2.fq.gz	BGI2-RET3-NIC207	RET3	NIC207	
BGI3-RET3a-NIC207-trim-1.fq.gz	BGI3-RET3a-NIC207-trim-2.fq.gz	BGI3-RET3a-NIC207	RET3a	NIC207	
BGI1-RET1-NIC232-trim-1.fq.gz	BGI1-RET1-NIC232-trim-2.fq.gz	BGI1-RET1-NIC232	RET1	NIC231	
BGI1-RET4-NIC231-trim-1.fq.gz	BGI1-RET4-NIC231-trim-2.fq.gz	BGI1-RET4-NIC231	RET4	NIC231	
BGI2-RET1-NIC232-trim-1.fq.gz	BGI2-RET1-NIC232-trim-2.fq.gz	BGI2-RET1-NIC232	RET1	NIC231	
BGI2-RET4-NIC231-trim-1.fq.gz	BGI2-RET4-NIC231-trim-2.fq.gz	BGI2-RET4-NIC231	RET4	NIC231	
BGI3-RET1b-NIC232-trim-1.fq.gz	BGI3-RET1b-NIC232-trim-2.fq.gz	BGI3-RET1b-NIC232	RET1b	NIC231	
BGI3-RET4a-NIC231-trim-1.fq.gz	BGI3-RET4a-NIC231-trim-2.fq.gz	BGI3-RET4a-NIC231	RET4a	NIC231	
BGI1-RET5-NIC237-trim-1.fq.gz	BGI1-RET5-NIC237-trim-2.fq.gz	BGI1-RET5-NIC237	RET5	NIC236	
BGI1-RET6-NIC236-trim-1.fq.gz	BGI1-RET6-NIC236-trim-2.fq.gz	BGI1-RET6-NIC236	RET6	NIC236	
BGI2-RET5-NIC237-trim-1.fq.gz	BGI2-RET5-NIC237-trim-2.fq.gz	BGI2-RET5-NIC237	RET5	NIC236	
BGI2-RET6-NIC236-trim-1.fq.gz	BGI2-RET6-NIC236-trim-2.fq.gz	BGI2-RET6-NIC236	RET6	NIC236	
BGI3-RET5a-NIC237-trim-1.fq.gz	BGI3-RET5a-NIC237-trim-2.fq.gz	BGI3-RET5a-NIC237	RET5a	NIC236	
BGI3-RET6a-NIC236-trim-1.fq.gz	BGI3-RET6a-NIC236-trim-2.fq.gz	BGI3-RET6a-NIC236	RET6a	NIC236	
UChicago2-L007-NIC242-CGTACTAG-TATCCTCT-trim-1.fq.gz	UChicago2-L007-NIC242-CGTACTAG-TATCCTCT-trim-2.fq.gz	UChicago2-L007-NIC242	L007	NIC242	
UChicago-EA1-NIC242-CGTACTAG-TATCCTCT-trim-1.fq.gz	UChicago-EA1-NIC242-CGTACTAG-TATCCTCT-trim-2.fq.gz	UChicago-EA1-NIC242	EA1	NIC242	
UChicago2-L007-NIC251-TCCTGAGC-CTCTCTAT-trim-1.fq.gz	UChicago2-L007-NIC251-TCCTGAGC-CTCTCTAT-trim-2.fq.gz	UChicago2-L007-NIC251	L007	NIC251	
UChicago-EA1-NIC251-TCCTGAGC-CTCTCTAT-trim-1.fq.gz	UChicago-EA1-NIC251-TCCTGAGC-CTCTCTAT-trim-2.fq.gz	UChicago-EA1-NIC251	EA1	NIC251	
UChicago2-L008-NIC252-TCCTGAGC-TAGATCGC-trim-1.fq.gz	UChicago2-L008-NIC252-TCCTGAGC-TAGATCGC-trim-2.fq.gz	UChicago2-L008-NIC252	L008	NIC252	
UChicago-EA2-NIC252-TCCTGAGC-TAGATCGC-trim-1.fq.gz	UChicago-EA2-NIC252-TCCTGAGC-TAGATCGC-trim-2.fq.gz	UChicago-EA2-NIC252	EA2	NIC252	
UChicago2-L008-NIC255-GGACTCCT-TAGATCGC-trim-1.fq.gz	UChicago2-L008-NIC255-GGACTCCT-TAGATCGC-trim-2.fq.gz	UChicago2-L008-NIC255	L008	NIC255	
UChicago-EA2-NIC255-GGACTCCT-TAGATCGC-trim-1.fq.gz	UChicago-EA2-NIC255-GGACTCCT-TAGATCGC-trim-2.fq.gz	UChicago-EA2-NIC255	EA2	NIC255	
UChicago2-L008-NIC256-TAGGCATG-AGAGTAGA-trim-1.fq.gz	UChicago2-L008-NIC256-TAGGCATG-AGAGTAGA-trim-2.fq.gz	UChicago2-L008-NIC256	L008	NIC256	
UChicago2-L008-NIC263-TCCTGAGC-TATCCTCT-trim-1.fq.gz	UChicago2-L008-NIC263-TCCTGAGC-TATCCTCT-trim-2.fq.gz	UChicago2-L008-NIC263	L008	NIC256	
UChicago-EA2-NIC256-TAGGCATG-AGAGTAGA-trim-1.fq.gz	UChicago-EA2-NIC256-TAGGCATG-AGAGTAGA-trim-2.fq.gz	UChicago-EA2-NIC256	EA2	NIC256	
UChicago-EA2-NIC263-TCCTGAGC-TATCCTCT-trim-1.fq.gz	UChicago-EA2-NIC263-TCCTGAGC-TATCCTCT-trim-2.fq.gz	UChicago-EA2-NIC263	EA2	NIC256	
UChicago2-L007-NIC258-TAAGGCGA-AGAGTAGA-trim-1.fq.gz	UChicago2-L007-NIC258-TAAGGCGA-AGAGTAGA-trim-2.fq.gz	UChicago2-L007-NIC258	L007	NIC258	
UChicago-EA1-NIC258-TAAGGCGA-AGAGTAGA-trim-1.fq.gz	UChicago-EA1-NIC258-TAAGGCGA-AGAGTAGA-trim-2.fq.gz	UChicago-EA1-NIC258	EA1	NIC258	
UChicago2-L007-NIC259-CGTACTAG-AGAGTAGA-trim-1.fq.gz	UChicago2-L007-NIC259-CGTACTAG-AGAGTAGA-trim-2.fq.gz	UChicago2-L007-NIC259	L007	NIC259	
UChicago-EA1-NIC259-CGTACTAG-AGAGTAGA-trim-1.fq.gz	UChicago-EA1-NIC259-CGTACTAG-AGAGTAGA-trim-2.fq.gz	UChicago-EA1-NIC259	EA1	NIC259	
UChicago2-L008-NIC260-AGGCAGAA-TAGATCGC-trim-1.fq.gz	UChicago2-L008-NIC260-AGGCAGAA-TAGATCGC-trim-2.fq.gz	UChicago2-L008-NIC260	L008	NIC260	
UChicago-EA2-NIC260-AGGCAGAA-TAGATCGC-trim-1.fq.gz	UChicago-EA2-NIC260-AGGCAGAA-TAGATCGC-trim-2.fq.gz	UChicago-EA2-NIC260	EA2	NIC260	
UChicago2-L007-NIC261-GGACTCCT-TATCCTCT-trim-1.fq.gz	UChicago2-L007-NIC261-GGACTCCT-TATCCTCT-trim-2.fq.gz	UChicago2-L007-NIC261	L007	NIC261	
UChicago-EA1-NIC261-GGACTCCT-TATCCTCT-trim-1.fq.gz	UChicago-EA1-NIC261-GGACTCCT-TATCCTCT-trim-2.fq.gz	UChicago-EA1-NIC261	EA1	NIC261	
UChicago2-L007-NIC262-TAGGCATG-AGAGTAGA-trim-1.fq.gz	UChicago2-L007-NIC262-TAGGCATG-AGAGTAGA-trim-2.fq.gz	UChicago2-L007-NIC262	L007	NIC262	
UChicago-EA1-NIC262-TAGGCATG-AGAGTAGA-trim-1.fq.gz	UChicago-EA1-NIC262-TAGGCATG-AGAGTAGA-trim-2.fq.gz	UChicago-EA1-NIC262	EA1	NIC262	
UChicago2-L008-NIC265-TAAGGCGA-TATCCTCT-trim-1.fq.gz	UChicago2-L008-NIC265-TAAGGCGA-TATCCTCT-trim-2.fq.gz	UChicago2-L008-NIC265	L008	NIC265	
UChicago-EA2-NIC265-TAAGGCGA-TATCCTCT-trim-1.fq.gz	UChicago-EA2-NIC265-TAAGGCGA-TATCCTCT-trim-2.fq.gz	UChicago-EA2-NIC265	EA2	NIC265	
UChicago2-L008-NIC266-CGTACTAG-TATCCTCT-trim-1.fq.gz	UChicago2-L008-NIC266-CGTACTAG-TATCCTCT-trim-2.fq.gz	UChicago2-L008-NIC266	L008	NIC266	
UChicago-EA2-NIC266-CGTACTAG-TATCCTCT-trim-1.fq.gz	UChicago-EA2-NIC266-CGTACTAG-TATCCTCT-trim-2.fq.gz	UChicago-EA2-NIC266	EA2	NIC266	
UChicago2-L008-NIC267-TAAGGCGA-CTCTCTAT-trim-1.fq.gz	UChicago2-L008-NIC267-TAAGGCGA-CTCTCTAT-trim-2.fq.gz	UChicago2-L008-NIC267	L008	NIC267	
UChicago2-L008-NIC270-TAGGCATG-TAGATCGC-trim-1.fq.gz	UChicago2-L008-NIC270-TAGGCATG-TAGATCGC-trim-2.fq.gz	UChicago2-L008-NIC270	L008	NIC267	
UChicago-EA2-NIC267-TAAGGCGA-CTCTCTAT-trim-1.fq.gz	UChicago-EA2-NIC267-TAAGGCGA-CTCTCTAT-trim-2.fq.gz	UChicago-EA2-NIC267	EA2	NIC267	
UChicago-EA2-NIC270-TAGGCATG-TAGATCGC-trim-1.fq.gz	UChicago-EA2-NIC270-TAGGCATG-TAGATCGC-trim-2.fq.gz	UChicago-EA2-NIC270	EA2	NIC267	
UChicago2-L008-NIC268-TAGGCATG-TATCCTCT-trim-1.fq.gz	UChicago2-L008-NIC268-TAGGCATG-TATCCTCT-trim-2.fq.gz	UChicago2-L008-NIC268	L008	NIC268	
UChicago-EA2-NIC268-TAGGCATG-TATCCTCT-trim-1.fq.gz	UChicago-EA2-NIC268-TAGGCATG-TATCCTCT-trim-2.fq.gz	UChicago-EA2-NIC268	EA2	NIC268	
UChicago2-L007-NIC269-TCCTGAGC-TATCCTCT-trim-1.fq.gz	UChicago2-L007-NIC269-TCCTGAGC-TATCCTCT-trim-2.fq.gz	UChicago2-L007-NIC269	L007	NIC269	
UChicago-EA1-NIC269-TCCTGAGC-TATCCTCT-trim-1.fq.gz	UChicago-EA1-NIC269-TCCTGAGC-TATCCTCT-trim-2.fq.gz	UChicago-EA1-NIC269	EA1	NIC269	
UChicago2-L008-NIC271-GGACTCCT-CTCTCTAT-trim-1.fq.gz	UChicago2-L008-NIC271-GGACTCCT-CTCTCTAT-trim-2.fq.gz	UChicago2-L008-NIC271	L008	NIC271	
UChicago-EA2-NIC271-GGACTCCT-CTCTCTAT-trim-1.fq.gz	UChicago-EA2-NIC271-GGACTCCT-CTCTCTAT-trim-2.fq.gz	UChicago-EA2-NIC271	EA2	NIC271	
UChicago2-L007-NIC273-AGGCAGAA-CTCTCTAT-trim-1.fq.gz	UChicago2-L007-NIC273-AGGCAGAA-CTCTCTAT-trim-2.fq.gz	UChicago2-L007-NIC273	L007	NIC272	
UChicago2-L008-NIC272-TCCTGAGC-AGAGTAGA-trim-1.fq.gz	UChicago2-L008-NIC272-TCCTGAGC-AGAGTAGA-trim-2.fq.gz	UChicago2-L008-NIC272	L008	NIC272	
UChicago-EA1-NIC273-AGGCAGAA-CTCTCTAT-trim-1.fq.gz	UChicago-EA1-NIC273-AGGCAGAA-CTCTCTAT-trim-2.fq.gz	UChicago-EA1-NIC273	EA1	NIC272	
UChicago-EA2-NIC272-TCCTGAGC-AGAGTAGA-trim-1.fq.gz	UChicago-EA2-NIC272-TCCTGAGC-AGAGTAGA-trim-2.fq.gz	UChicago-EA2-NIC272	EA2	NIC272	
UChicago2-L007-NIC274-AGGCAGAA-TAGATCGC-trim-1.fq.gz	UChicago2-L007-NIC274-AGGCAGAA-TAGATCGC-trim-2.fq.gz	UChicago2-L007-NIC274	L007	NIC274	
UChicago-EA1-NIC274-AGGCAGAA-TAGATCGC-trim-1.fq.gz	UChicago-EA1-NIC274-AGGCAGAA-TAGATCGC-trim-2.fq.gz	UChicago-EA1-NIC274	EA1	NIC274	
UChicago2-L007-NIC275-TCCTGAGC-AGAGTAGA-trim-1.fq.gz	UChicago2-L007-NIC275-TCCTGAGC-AGAGTAGA-trim-2.fq.gz	UChicago2-L007-NIC275	L007	NIC275	
UChicago-EA1-NIC275-TCCTGAGC-AGAGTAGA-trim-1.fq.gz	UChicago-EA1-NIC275-TCCTGAGC-AGAGTAGA-trim-2.fq.gz	UChicago-EA1-NIC275	EA1	NIC275	
UChicago2-L008-NIC276-CGTACTAG-TAGATCGC-trim-1.fq.gz	UChicago2-L008-NIC276-CGTACTAG-TAGATCGC-trim-2.fq.gz	UChicago2-L008-NIC276	L008	NIC276	
UChicago-EA2-NIC276-CGTACTAG-TAGATCGC-trim-1.fq.gz	UChicago-EA2-NIC276-CGTACTAG-TAGATCGC-trim-2.fq.gz	UChicago-EA2-NIC276	EA2	NIC276	
UChicago2-L008-NIC277-GGACTCCT-TATCCTCT-trim-1.fq.gz	UChicago2-L008-NIC277-GGACTCCT-TATCCTCT-trim-2.fq.gz	UChicago2-L008-NIC277	L008	NIC277	
UChicago-EA2-NIC277-GGACTCCT-TATCCTCT-trim-1.fq.gz	UChicago-EA2-NIC277-GGACTCCT-TATCCTCT-trim-2.fq.gz	UChicago-EA2-NIC277	EA2	NIC277	
BGI1-RET3-NIC3-trim-1.fq.gz	BGI1-RET3-NIC3-trim-2.fq.gz	BGI1-RET3-NIC3	RET3	NIC3	
BGI1-RET4-NIC4-trim-1.fq.gz	BGI1-RET4-NIC4-trim-2.fq.gz	BGI1-RET4-NIC4	RET4	NIC3	
BGI2-RET3-NIC3-trim-1.fq.gz	BGI2-RET3-NIC3-trim-2.fq.gz	BGI2-RET3-NIC3	RET3	NIC3	
BGI2-RET4-NIC4-trim-1.fq.gz	BGI2-RET4-NIC4-trim-2.fq.gz	BGI2-RET4-NIC4	RET4	NIC3	
BGI3-RET3a-NIC3-trim-1.fq.gz	BGI3-RET3a-NIC3-trim-2.fq.gz	BGI3-RET3a-NIC3	RET3a	NIC3	
BGI3-RET4a-NIC4-trim-1.fq.gz	BGI3-RET4a-NIC4-trim-2.fq.gz	BGI3-RET4a-NIC4	RET4a	NIC3	
Princeton1-PL_5-NIC3-trim-1.fq.gz	Princeton1-PL_5-NIC3-trim-2.fq.gz	Princeton1-PL_5-NIC3	PL_5	NIC3	
Princeton1-PL_6-NIC3-trim-1.fq.gz	Princeton1-PL_6-NIC3-trim-2.fq.gz	Princeton1-PL_6-NIC3	PL_6	NIC3	
Princeton1-PL_7-NIC4-trim-1.fq.gz	Princeton1-PL_7-NIC4-trim-2.fq.gz	Princeton1-PL_7-NIC4	PL_7	NIC3	
Princeton1-PL_8-NIC4-trim-1.fq.gz	Princeton1-PL_8-NIC4-trim-2.fq.gz	Princeton1-PL_8-NIC4	PL_8	NIC3	
BGI1-RET6-PB303-trim-1.fq.gz	BGI1-RET6-PB303-trim-2.fq.gz	BGI1-RET6-PB303	RET6	PB303	
BGI2-RET6-PB303-trim-1.fq.gz	BGI2-RET6-PB303-trim-2.fq.gz	BGI2-RET6-PB303	RET6	PB303	
BGI3-RET6b-PB303-trim-1.fq.gz	BGI3-RET6b-PB303-trim-2.fq.gz	BGI3-RET6b-PB303	RET6b	PB303	
Princeton1-PL_22-PB303-trim-1.fq.gz	Princeton1-PL_22-PB303-trim-2.fq.gz	Princeton1-PL_22-PB303	PL_22	PB303	
BGI1-RET2-PB306-trim-1.fq.gz	BGI1-RET2-PB306-trim-2.fq.gz	BGI1-RET2-PB306	RET2	PB306	
BGI2-RET2-PB306-trim-1.fq.gz	BGI2-RET2-PB306-trim-2.fq.gz	BGI2-RET2-PB306	RET2	PB306	
BGI3-RET2a-PB306-trim-1.fq.gz	BGI3-RET2a-PB306-trim-2.fq.gz	BGI3-RET2a-PB306	RET2a	PB306	
Rockman-R096.2-PB306-trim-1.fq.gz	Rockman-R096.2-PB306-trim-2.fq.gz	Rockman-R096.2-PB306	R096.2	PB306	
Princeton1-PL_9-PB306-trim-1.fq.gz	Princeton1-PL_9-PB306-trim-2.fq.gz	Princeton1-PL_9-PB306	PL_9	PB306	
BGI1-RET7-PS2025-trim-1.fq.gz	BGI1-RET7-PS2025-trim-2.fq.gz	BGI1-RET7-PS2025	RET7	PS2025	
BGI2-RET7-PS2025-trim-1.fq.gz	BGI2-RET7-PS2025-trim-2.fq.gz	BGI2-RET7-PS2025	RET7	PS2025	
BGI3-RET7a-PS2025-trim-1.fq.gz	BGI3-RET7a-PS2025-trim-2.fq.gz	BGI3-RET7a-PS2025	RET7a	PS2025	
Princeton1-PL_22-PS2025-trim-1.fq.gz	Princeton1-PL_22-PS2025-trim-2.fq.gz	Princeton1-PL_22-PS2025	PL_22	PS2025	
BGI1-RET6-PX179-trim-1.fq.gz	BGI1-RET6-PX179-trim-2.fq.gz	BGI1-RET6-PX179	RET6	PX179	
BGI2-RET6-PX179-trim-1.fq.gz	BGI2-RET6-PX179-trim-2.fq.gz	BGI2-RET6-PX179	RET6	PX179	
BGI3-RET6a-PX179-trim-1.fq.gz	BGI3-RET6a-PX179-trim-2.fq.gz	BGI3-RET6a-PX179	RET6a	PX179	
Rockman-R096.2-PX179-trim-1.fq.gz	Rockman-R096.2-PX179-trim-2.fq.gz	Rockman-R096.2-PX179	R096.2	PX179	
Princeton1-PL_18-PX179-trim-1.fq.gz	Princeton1-PL_18-PX179-trim-2.fq.gz	Princeton1-PL_18-PX179	PL_18	PX179	
Princeton1-PL_19-PX179-trim-1.fq.gz	Princeton1-PL_19-PX179-trim-2.fq.gz	Princeton1-PL_19-PX179	PL_19	PX179	
UChicago2-L007-QG2075-TAAGGCGA-CTCTCTAT-trim-1.fq.gz	UChicago2-L007-QG2075-TAAGGCGA-CTCTCTAT-trim-2.fq.gz	UChicago2-L007-QG2075	L007	QG2075	
UChicago-EA1-QG2075-TAAGGCGA-CTCTCTAT-trim-1.fq.gz	UChicago-EA1-QG2075-TAAGGCGA-CTCTCTAT-trim-2.fq.gz	UChicago-EA1-QG2075	EA1	QG2075	
BGI1-RET5-QG536-trim-1.fq.gz	BGI1-RET5-QG536-trim-2.fq.gz	BGI1-RET5-QG536	RET5	QG536	
BGI1-RET6-QG538-trim-1.fq.gz	BGI1-RET6-QG538-trim-2.fq.gz	BGI1-RET6-QG538	RET6	QG536	
BGI1-RET7-QG537-trim-1.fq.gz	BGI1-RET7-QG537-trim-2.fq.gz	BGI1-RET7-QG537	RET7	QG536	
BGI2-RET5-QG536-trim-1.fq.gz	BGI2-RET5-QG536-trim-2.fq.gz	BGI2-RET5-QG536	RET5	QG536	
BGI2-RET6-QG538-trim-1.fq.gz	BGI2-RET6-QG538-trim-2.fq.gz	BGI2-RET6-QG538	RET6	QG536	
BGI2-RET7-QG537-trim-1.fq.gz	BGI2-RET7-QG537-trim-2.fq.gz	BGI2-RET7-QG537	RET7	QG536	
BGI3-RET5b-QG536-trim-1.fq.gz	BGI3-RET5b-QG536-trim-2.fq.gz	BGI3-RET5b-QG536	RET5b	QG536	
BGI3-RET6b-QG538-trim-1.fq.gz	BGI3-RET6b-QG538-trim-2.fq.gz	BGI3-RET6b-QG538	RET6b	QG536	
BGI3-RET7b-QG537-trim-1.fq.gz	BGI3-RET7b-QG537-trim-2.fq.gz	BGI3-RET7b-QG537	RET7b	QG536	
Princeton1-PL_21-QG537-trim-1.fq.gz	Princeton1-PL_21-QG537-trim-2.fq.gz	Princeton1-PL_21-QG537	PL_21	QG536	
Princeton1-PL_3-QG538-trim-1.fq.gz	Princeton1-PL_3-QG538-trim-2.fq.gz	Princeton1-PL_3-QG538	PL_3	QG536	
Princeton1-PL_4-QG538-trim-1.fq.gz	Princeton1-PL_4-QG538-trim-2.fq.gz	Princeton1-PL_4-QG538	PL_4	QG536	
Princeton1-PL_7-QG536-trim-1.fq.gz	Princeton1-PL_7-QG536-trim-2.fq.gz	Princeton1-PL_7-QG536	PL_7	QG536	
Princeton1-PL_7-QG537-trim-1.fq.gz	Princeton1-PL_7-QG537-trim-2.fq.gz	Princeton1-PL_7-QG537	PL_7	QG536	
Princeton1-PL_8-QG536-trim-1.fq.gz	Princeton1-PL_8-QG536-trim-2.fq.gz	Princeton1-PL_8-QG536	PL_8	QG536	
Princeton1-PL_8-QG537-trim-1.fq.gz	Princeton1-PL_8-QG537-trim-2.fq.gz	Princeton1-PL_8-QG537	PL_8	QG536	
BGI1-RET2-QG556-trim-1.fq.gz	BGI1-RET2-QG556-trim-2.fq.gz	BGI1-RET2-QG556	RET2	QG556	
BGI1-RET7-QG558-trim-1.fq.gz	BGI1-RET7-QG558-trim-2.fq.gz	BGI1-RET7-QG558	RET7	QG556	
BGI2-RET2-QG556-trim-1.fq.gz	BGI2-RET2-QG556-trim-2.fq.gz	BGI2-RET2-QG556	RET2	QG556	
BGI2-RET7-QG558-trim-1.fq.gz	BGI2-RET7-QG558-trim-2.fq.gz	BGI2-RET7-QG558	RET7	QG556	
BGI3-RET2a-QG556-trim-1.fq.gz	BGI3-RET2a-QG556-trim-2.fq.gz	BGI3-RET2a-QG556	RET2a	QG556	
BGI3-RET7a-QG558-trim-1.fq.gz	BGI3-RET7a-QG558-trim-2.fq.gz	BGI3-RET7a-QG558	RET7a	QG556	
BGI1-RET1-QG557-trim-1.fq.gz	BGI1-RET1-QG557-trim-2.fq.gz	BGI1-RET1-QG557	RET1	QG557	
BGI2-RET1-QG557-trim-1.fq.gz	BGI2-RET1-QG557-trim-2.fq.gz	BGI2-RET1-QG557	RET1	QG557	
BGI3-RET1b-QG557-trim-1.fq.gz	BGI3-RET1b-QG557-trim-2.fq.gz	BGI3-RET1b-QG557	RET1b	QG557	
UChicago2-L008-QW947-CGTACTAG-CTCTCTAT-trim-1.fq.gz	UChicago2-L008-QW947-CGTACTAG-CTCTCTAT-trim-2.fq.gz	UChicago2-L008-QW947	L008	QW947	
UChicago-EA2-QW947-CGTACTAG-CTCTCTAT-trim-1.fq.gz	UChicago-EA2-QW947-CGTACTAG-CTCTCTAT-trim-2.fq.gz	UChicago-EA2-QW947	EA2	QW947	
BGI1-RET3-QX1211-trim-1.fq.gz	BGI1-RET3-QX1211-trim-2.fq.gz	BGI1-RET3-QX1211	RET3	QX1211	
BGI1-RET3-QX1215-trim-1.fq.gz	BGI1-RET3-QX1215-trim-2.fq.gz	BGI1-RET3-QX1215	RET3	QX1211	
BGI1-RET7-QX1216-trim-1.fq.gz	BGI1-RET7-QX1216-trim-2.fq.gz	BGI1-RET7-QX1216	RET7	QX1211	
BGI2-RET3-QX1211-trim-1.fq.gz	BGI2-RET3-QX1211-trim-2.fq.gz	BGI2-RET3-QX1211	RET3	QX1211	
BGI2-RET3-QX1215-trim-1.fq.gz	BGI2-RET3-QX1215-trim-2.fq.gz	BGI2-RET3-QX1215	RET3	QX1211	
BGI2-RET7-QX1216-trim-1.fq.gz	BGI2-RET7-QX1216-trim-2.fq.gz	BGI2-RET7-QX1216	RET7	QX1211	
BGI3-RET3a-QX1211-trim-1.fq.gz	BGI3-RET3a-QX1211-trim-2.fq.gz	BGI3-RET3a-QX1211	RET3a	QX1211	
BGI3-RET3b-QX1215-trim-1.fq.gz	BGI3-RET3b-QX1215-trim-2.fq.gz	BGI3-RET3b-QX1215	RET3b	QX1211	
BGI3-RET7b-QX1216-trim-1.fq.gz	BGI3-RET7b-QX1216-trim-2.fq.gz	BGI3-RET7b-QX1216	RET7b	QX1211	
Rockman-R106.4-QX1211-trim-1.fq.gz	Rockman-R106.4-QX1211-trim-2.fq.gz	Rockman-R106.4-QX1211	R106.4	QX1211	
Princeton1-PL_1-QX1211-trim-1.fq.gz	Princeton1-PL_1-QX1211-trim-2.fq.gz	Princeton1-PL_1-QX1211	PL_1	QX1211	
Princeton1-PL_7-QX1215-trim-1.fq.gz	Princeton1-PL_7-QX1215-trim-2.fq.gz	Princeton1-PL_7-QX1215	PL_7	QX1211	
Princeton1-PL_8-QX1215-trim-1.fq.gz	Princeton1-PL_8-QX1215-trim-2.fq.gz	Princeton1-PL_8-QX1215	PL_8	QX1211	
BGI1-RET4-QX1212-trim-1.fq.gz	BGI1-RET4-QX1212-trim-2.fq.gz	BGI1-RET4-QX1212	RET4	QX1212	
BGI1-RET5-QX1213-trim-1.fq.gz	BGI1-RET5-QX1213-trim-2.fq.gz	BGI1-RET5-QX1213	RET5	QX1212	
BGI1-RET6-QX1214-trim-1.fq.gz	BGI1-RET6-QX1214-trim-2.fq.gz	BGI1-RET6-QX1214	RET6	QX1212	
BGI2-RET4-QX1212-trim-1.fq.gz	BGI2-RET4-QX1212-trim-2.fq.gz	BGI2-RET4-QX1212	RET4	QX1212	
BGI2-RET5-QX1213-trim-1.fq.gz	BGI2-RET5-QX1213-trim-2.fq.gz	BGI2-RET5-QX1213	RET5	QX1212	
BGI2-RET6-QX1214-trim-1.fq.gz	BGI2-RET6-QX1214-trim-2.fq.gz	BGI2-RET6-QX1214	RET6	QX1212	
BGI3-RET4a-QX1212-trim-1.fq.gz	BGI3-RET4a-QX1212-trim-2.fq.gz	BGI3-RET4a-QX1212	RET4a	QX1212	
BGI3-RET5b-QX1213-trim-1.fq.gz	BGI3-RET5b-QX1213-trim-2.fq.gz	BGI3-RET5b-QX1213	RET5b	QX1212	
BGI3-RET6a-QX1214-trim-1.fq.gz	BGI3-RET6a-QX1214-trim-2.fq.gz	BGI3-RET6a-QX1214	RET6a	QX1212	
Princeton1-PL_21-QX1214-trim-1.fq.gz	Princeton1-PL_21-QX1214-trim-2.fq.gz	Princeton1-PL_21-QX1214	PL_21	QX1212	
Princeton1-PL_5-QX1212-trim-1.fq.gz	Princeton1-PL_5-QX1212-trim-2.fq.gz	Princeton1-PL_5-QX1212	PL_5	QX1212	
Princeton1-PL_5-QX1213-trim-1.fq.gz	Princeton1-PL_5-QX1213-trim-2.fq.gz	Princeton1-PL_5-QX1213	PL_5	QX1212	
Princeton1-PL_6-QX1212-trim-1.fq.gz	Princeton1-PL_6-QX1212-trim-2.fq.gz	Princeton1-PL_6-QX1212	PL_6	QX1212	
Princeton1-PL_6-QX1213-trim-1.fq.gz	Princeton1-PL_6-QX1213-trim-2.fq.gz	Princeton1-PL_6-QX1213	PL_6	QX1212	
Princeton1-PL_7-QX1214-trim-1.fq.gz	Princeton1-PL_7-QX1214-trim-2.fq.gz	Princeton1-PL_7-QX1214	PL_7	QX1212	
Princeton1-PL_8-QX1214-trim-1.fq.gz	Princeton1-PL_8-QX1214-trim-2.fq.gz	Princeton1-PL_8-QX1214	PL_8	QX1212	
BGI1-RET4-QX1233-trim-1.fq.gz	BGI1-RET4-QX1233-trim-2.fq.gz	BGI1-RET4-QX1233	RET4	QX1233	
BGI2-RET4-QX1233-trim-1.fq.gz	BGI2-RET4-QX1233-trim-2.fq.gz	BGI2-RET4-QX1233	RET4	QX1233	
BGI3-RET4b-QX1233-trim-1.fq.gz	BGI3-RET4b-QX1233-trim-2.fq.gz	BGI3-RET4b-QX1233	RET4b	QX1233	
Princeton1-PL_22-QX1233-trim-1.fq.gz	Princeton1-PL_22-QX1233-trim-2.fq.gz	Princeton1-PL_22-QX1233	PL_22	QX1233	
BGI1-RET2-QX1791-trim-1.fq.gz	BGI1-RET2-QX1791-trim-2.fq.gz	BGI1-RET2-QX1791	RET2	QX1791	
BGI2-RET2-QX1791-trim-1.fq.gz	BGI2-RET2-QX1791-trim-2.fq.gz	BGI2-RET2-QX1791	RET2	QX1791	
BGI3-RET2b-QX1791-trim-1.fq.gz	BGI3-RET2b-QX1791-trim-2.fq.gz	BGI3-RET2b-QX1791	RET2b	QX1791	
Princeton1-PL_3-QX1791-trim-1.fq.gz	Princeton1-PL_3-QX1791-trim-2.fq.gz	Princeton1-PL_3-QX1791	PL_3	QX1791	
Princeton1-PL_4-QX1791-trim-1.fq.gz	Princeton1-PL_4-QX1791-trim-2.fq.gz	Princeton1-PL_4-QX1791	PL_4	QX1791	
UChicago2-L007-QX1792-TAGGCATG-TATCCTCT-trim-1.fq.gz	UChicago2-L007-QX1792-TAGGCATG-TATCCTCT-trim-2.fq.gz	UChicago2-L007-QX1792	L007	QX1792	
UChicago-EA1-QX1792-TAGGCATG-TATCCTCT-trim-1.fq.gz	UChicago-EA1-QX1792-TAGGCATG-TATCCTCT-trim-2.fq.gz	UChicago-EA1-QX1792	EA1	QX1792	
BGI1-RET2-QX1792-trim-1.fq.gz	BGI1-RET2-QX1792-trim-2.fq.gz	BGI1-RET2-QX1792	RET2	QX1792	
BGI2-RET2-QX1792-trim-1.fq.gz	BGI2-RET2-QX1792-trim-2.fq.gz	BGI2-RET2-QX1792	RET2	QX1792	
BGI3-RET2b-QX1792-trim-1.fq.gz	BGI3-RET2b-QX1792-trim-2.fq.gz	BGI3-RET2b-QX1792	RET2b	QX1792	
Princeton1-PL_5-QX1792-trim-1.fq.gz	Princeton1-PL_5-QX1792-trim-2.fq.gz	Princeton1-PL_5-QX1792	PL_5	QX1792	
Princeton1-PL_6-QX1792-trim-1.fq.gz	Princeton1-PL_6-QX1792-trim-2.fq.gz	Princeton1-PL_6-QX1792	PL_6	QX1792	
BGI1-RET2-QX1793-trim-1.fq.gz	BGI1-RET2-QX1793-trim-2.fq.gz	BGI1-RET2-QX1793	RET2	QX1793	
BGI2-RET2-QX1793-trim-1.fq.gz	BGI2-RET2-QX1793-trim-2.fq.gz	BGI2-RET2-QX1793	RET2	QX1793	
BGI3-RET2b-QX1793-trim-1.fq.gz	BGI3-RET2b-QX1793-trim-2.fq.gz	BGI3-RET2b-QX1793	RET2b	QX1793	
Princeton1-PL_7-QX1793-trim-1.fq.gz	Princeton1-PL_7-QX1793-trim-2.fq.gz	Princeton1-PL_7-QX1793	PL_7	QX1793	
Princeton1-PL_8-QX1793-trim-1.fq.gz	Princeton1-PL_8-QX1793-trim-2.fq.gz	Princeton1-PL_8-QX1793	PL_8	QX1793	
BGI1-RET2-QX1794-trim-1.fq.gz	BGI1-RET2-QX1794-trim-2.fq.gz	BGI1-RET2-QX1794	RET2	QX1794	
BGI2-RET2-QX1794-trim-1.fq.gz	BGI2-RET2-QX1794-trim-2.fq.gz	BGI2-RET2-QX1794	RET2	QX1794	
BGI3-RET2b-QX1794-trim-1.fq.gz	BGI3-RET2b-QX1794-trim-2.fq.gz	BGI3-RET2b-QX1794	RET2b	QX1794	
BGI1-RET5-RC301-trim-1.fq.gz	BGI1-RET5-RC301-trim-2.fq.gz	BGI1-RET5-RC301	RET5	RC301	
BGI2-RET5-RC301-trim-1.fq.gz	BGI2-RET5-RC301-trim-2.fq.gz	BGI2-RET5-RC301	RET5	RC301	
BGI3-RET5a-RC301-trim-1.fq.gz	BGI3-RET5a-RC301-trim-2.fq.gz	BGI3-RET5a-RC301	RET5a	RC301	
MMP-ML_2-PX174-trim-1.fq.gz	MMP-ML_2-PX174-trim-2.fq.gz	MMP-ML_2-PX174	ML_2	RC301	
MMP-ML_3-PX174-trim-1.fq.gz	MMP-ML_3-PX174-trim-2.fq.gz	MMP-ML_3-PX174	ML_3	RC301	
MMP-ML_5-PX174-trim-1.fq.gz	MMP-ML_5-PX174-trim-2.fq.gz	MMP-ML_5-PX174	ML_5	RC301	
MMP-ML_6-PX174-trim-1.fq.gz	MMP-ML_6-PX174-trim-2.fq.gz	MMP-ML_6-PX174	ML_6	RC301	
MMP-ML_7-PX174-trim-1.fq.gz	MMP-ML_7-PX174-trim-2.fq.gz	MMP-ML_7-PX174	ML_7	RC301	
Rockman-R076.3-RC301-trim-1.fq.gz	Rockman-R076.3-RC301-trim-2.fq.gz	Rockman-R076.3-RC301	R076.3	RC301	
Rockman-R076.4-RC301-trim-1.fq.gz	Rockman-R076.4-RC301-trim-2.fq.gz	Rockman-R076.4-RC301	R076.4	RC301	
Rockman-R083.8-PX174-trim-1.fq.gz	Rockman-R083.8-PX174-trim-2.fq.gz	Rockman-R083.8-PX174	R083.8	RC301	
Princeton1-PL_18-RC301-trim-1.fq.gz	Princeton1-PL_18-RC301-trim-2.fq.gz	Princeton1-PL_18-RC301	PL_18	RC301	
Princeton1-PL_19-RC301-trim-1.fq.gz	Princeton1-PL_19-RC301-trim-2.fq.gz	Princeton1-PL_19-RC301	PL_19	RC301	
BGI1-RET4-WN2014-trim-1.fq.gz	BGI1-RET4-WN2014-trim-2.fq.gz	BGI1-RET4-WN2014	RET4	WN2001	
BGI1-RET5-WN2011-trim-1.fq.gz	BGI1-RET5-WN2011-trim-2.fq.gz	BGI1-RET5-WN2011	RET5	WN2001	
BGI1-RET5-WN2018-trim-1.fq.gz	BGI1-RET5-WN2018-trim-2.fq.gz	BGI1-RET5-WN2018	RET5	WN2001	
BGI1-RET6-WN2001-trim-1.fq.gz	BGI1-RET6-WN2001-trim-2.fq.gz	BGI1-RET6-WN2001	RET6	WN2001	
BGI1-RET6-WN2017-trim-1.fq.gz	BGI1-RET6-WN2017-trim-2.fq.gz	BGI1-RET6-WN2017	RET6	WN2001	
BGI1-RET7-WN2010-trim-1.fq.gz	BGI1-RET7-WN2010-trim-2.fq.gz	BGI1-RET7-WN2010	RET7	WN2001	
BGI1-RET7-WN2013-trim-1.fq.gz	BGI1-RET7-WN2013-trim-2.fq.gz	BGI1-RET7-WN2013	RET7	WN2001	
BGI1-RET7-WN2016-trim-1.fq.gz	BGI1-RET7-WN2016-trim-2.fq.gz	BGI1-RET7-WN2016	RET7	WN2001	
BGI1-RET7-WN2019-trim-1.fq.gz	BGI1-RET7-WN2019-trim-2.fq.gz	BGI1-RET7-WN2019	RET7	WN2001	
BGI1-RET7-WN2020-trim-1.fq.gz	BGI1-RET7-WN2020-trim-2.fq.gz	BGI1-RET7-WN2020	RET7	WN2001	
BGI2-RET4-WN2014-trim-1.fq.gz	BGI2-RET4-WN2014-trim-2.fq.gz	BGI2-RET4-WN2014	RET4	WN2001	
BGI2-RET5-WN2011-trim-1.fq.gz	BGI2-RET5-WN2011-trim-2.fq.gz	BGI2-RET5-WN2011	RET5	WN2001	
BGI2-RET5-WN2018-trim-1.fq.gz	BGI2-RET5-WN2018-trim-2.fq.gz	BGI2-RET5-WN2018	RET5	WN2001	
BGI2-RET6-WN2001-trim-1.fq.gz	BGI2-RET6-WN2001-trim-2.fq.gz	BGI2-RET6-WN2001	RET6	WN2001	
BGI2-RET6-WN2017-trim-1.fq.gz	BGI2-RET6-WN2017-trim-2.fq.gz	BGI2-RET6-WN2017	RET6	WN2001	
BGI2-RET7-WN2010-trim-1.fq.gz	BGI2-RET7-WN2010-trim-2.fq.gz	BGI2-RET7-WN2010	RET7	WN2001	
BGI2-RET7-WN2013-trim-1.fq.gz	BGI2-RET7-WN2013-trim-2.fq.gz	BGI2-RET7-WN2013	RET7	WN2001	
BGI2-RET7-WN2016-trim-1.fq.gz	BGI2-RET7-WN2016-trim-2.fq.gz	BGI2-RET7-WN2016	RET7	WN2001	
BGI2-RET7-WN2019-trim-1.fq.gz	BGI2-RET7-WN2019-trim-2.fq.gz	BGI2-RET7-WN2019	RET7	WN2001	
BGI2-RET7-WN2020-trim-1.fq.gz	BGI2-RET7-WN2020-trim-2.fq.gz	BGI2-RET7-WN2020	RET7	WN2001	
BGI3-RET1b-WN2021-trim-1.fq.gz	BGI3-RET1b-WN2021-trim-2.fq.gz	BGI3-RET1b-WN2021	RET1b	WN2001	
BGI3-RET4b-WN2014-trim-1.fq.gz	BGI3-RET4b-WN2014-trim-2.fq.gz	BGI3-RET4b-WN2014	RET4b	WN2001	
BGI3-RET5b-WN2011-trim-1.fq.gz	BGI3-RET5b-WN2011-trim-2.fq.gz	BGI3-RET5b-WN2011	RET5b	WN2001	
BGI3-RET5b-WN2018-trim-1.fq.gz	BGI3-RET5b-WN2018-trim-2.fq.gz	BGI3-RET5b-WN2018	RET5b	WN2001	
BGI3-RET6b-WN2001-trim-1.fq.gz	BGI3-RET6b-WN2001-trim-2.fq.gz	BGI3-RET6b-WN2001	RET6b	WN2001	
BGI3-RET6b-WN2017-trim-1.fq.gz	BGI3-RET6b-WN2017-trim-2.fq.gz	BGI3-RET6b-WN2017	RET6b	WN2001	
BGI3-RET7b-WN2010-trim-1.fq.gz	BGI3-RET7b-WN2010-trim-2.fq.gz	BGI3-RET7b-WN2010	RET7b	WN2001	
BGI3-RET7b-WN2013-trim-1.fq.gz	BGI3-RET7b-WN2013-trim-2.fq.gz	BGI3-RET7b-WN2013	RET7b	WN2001	
BGI3-RET7b-WN2016-trim-1.fq.gz	BGI3-RET7b-WN2016-trim-2.fq.gz	BGI3-RET7b-WN2016	RET7b	WN2001	
BGI3-RET7b-WN2019-trim-1.fq.gz	BGI3-RET7b-WN2019-trim-2.fq.gz	BGI3-RET7b-WN2019	RET7b	WN2001	
BGI3-RET7b-WN2020-trim-1.fq.gz	BGI3-RET7b-WN2020-trim-2.fq.gz	BGI3-RET7b-WN2020	RET7b	WN2001	
Princeton1-PL_3-WN2001-trim-1.fq.gz	Princeton1-PL_3-WN2001-trim-2.fq.gz	Princeton1-PL_3-WN2001	PL_3	WN2001	
Princeton1-PL_4-WN2001-trim-1.fq.gz	Princeton1-PL_4-WN2001-trim-2.fq.gz	Princeton1-PL_4-WN2001	PL_4	WN2001	
BGI1-RET5-WN2002-trim-1.fq.gz	BGI1-RET5-WN2002-trim-2.fq.gz	BGI1-RET5-WN2002	RET5	WN2002	
BGI2-RET5-WN2002-trim-1.fq.gz	BGI2-RET5-WN2002-trim-2.fq.gz	BGI2-RET5-WN2002	RET5	WN2002	
BGI3-RET5b-WN2002-trim-1.fq.gz	BGI3-RET5b-WN2002-trim-2.fq.gz	BGI3-RET5b-WN2002	RET5b	WN2002	
