date_sequenced	readgroup	isotype	run	lib	strain	use_in_analysis	trimming_program	trimming	reads	seq_read_len	fcid	lane	fq1	fq2	index1	index2	fq1_sha1	fq2_sha1	filesize1	filesize2
0010-08-15	UChicago2-L007-CB4856	CB4856	UChicago2	L007	CB4856	TRUE	trimmomatic v0.33	ILLUMINACLIP:NexteraPE-PE.fa:2:80:10 MINLEN:45	5408982	100	C7NJ0ANXX	7	UChicago2-L007-CB4856-TCCTGAGC-TAGATCGC-trim-1.fq.gz	UChicago2-L007-CB4856-TCCTGAGC-TAGATCGC-trim-2.fq.gz	TCCTGAGC	TAGATCGC	bb07f0f9c4bcb12b5e6d318e163c25f9ec726eaa	30c098eae82bc050d7234594162a76197c9cdea9	300641059	273875853
0010-08-15	UChicago2-L007-ECA249	CB4857	UChicago2	L007	ECA249	TRUE	trimmomatic v0.33	ILLUMINACLIP:NexteraPE-PE.fa:2:80:10 MINLEN:45	8226224	100	C7NJ0ANXX	7	UChicago2-L007-ECA249-TAAGGCGA-TAGATCGC-trim-1.fq.gz	UChicago2-L007-ECA249-TAAGGCGA-TAGATCGC-trim-2.fq.gz	TAAGGCGA	TAGATCGC	c45a8ff5f1df6a9dbefd6b34d9313be7ac5d0d34	5488cf7368009189460e9cf76407722f7e4f1ca1	439184680	421370846
0010-08-15	UChicago2-L007-ECA36	ECA36	UChicago2	L007	ECA36	TRUE	trimmomatic v0.33	ILLUMINACLIP:NexteraPE-PE.fa:2:80:10 MINLEN:45	7991499	100	C7NJ0ANXX	7	UChicago2-L007-ECA36-GGACTCCT-TAGATCGC-trim-1.fq.gz	UChicago2-L007-ECA36-GGACTCCT-TAGATCGC-trim-2.fq.gz	GGACTCCT	TAGATCGC	8b81aaa0d2dd71a5e2fee71f840a98691ac078d8	55d25d9c220daf70d1c2c4e500aa490248bab9c8	418366146	411672830
0010-08-15	UChicago2-L007-ED3017	ED3017	UChicago2	L007	ED3017	TRUE	trimmomatic v0.33	ILLUMINACLIP:NexteraPE-PE.fa:2:80:10 MINLEN:45	7883864	100	C7NJ0ANXX	7	UChicago2-L007-ED3017-TAGGCATG-CTCTCTAT-trim-1.fq.gz	UChicago2-L007-ED3017-TAGGCATG-CTCTCTAT-trim-2.fq.gz	TAGGCATG	CTCTCTAT	0f50a8cc5ef5d7d7439c6a505d73216dad4b2ad0	b89b73301ed39086ccb0bc41f1646a3798500dfc	407383417	401697583
0010-08-15	UChicago2-L007-EG4725	EG4725	UChicago2	L007	EG4725	TRUE	trimmomatic v0.33	ILLUMINACLIP:NexteraPE-PE.fa:2:80:10 MINLEN:45	5905665	100	C7NJ0ANXX	7	UChicago2-L007-EG4725-CGTACTAG-TAGATCGC-trim-1.fq.gz	UChicago2-L007-EG4725-CGTACTAG-TAGATCGC-trim-2.fq.gz	CGTACTAG	TAGATCGC	be0dca9d055830170e735d204ef7e26af909755c	b4d836133d3075be2affd2c6d2350ff597fbc481	302836527	306861793
0010-08-15	UChicago2-L007-JU1440	JU1440	UChicago2	L007	JU1440	TRUE	trimmomatic v0.33	ILLUMINACLIP:NexteraPE-PE.fa:2:80:10 MINLEN:45	9589965	100	C7NJ0ANXX	7	UChicago2-L007-JU1440-GGACTCCT-CTCTCTAT-trim-1.fq.gz	UChicago2-L007-JU1440-GGACTCCT-CTCTCTAT-trim-2.fq.gz	GGACTCCT	CTCTCTAT	4b0428272ee7aca5040ae548535c156bffd7bf29	a8b5b69958768ebad93701de20bbd1a08d805940	494817281	480635557
0010-08-15	UChicago2-L007-JU2316	JU2316	UChicago2	L007	JU2316	TRUE	trimmomatic v0.33	ILLUMINACLIP:NexteraPE-PE.fa:2:80:10 MINLEN:45	6738610	100	C7NJ0ANXX	7	UChicago2-L007-JU2316-CGTACTAG-CTCTCTAT-trim-1.fq.gz	UChicago2-L007-JU2316-CGTACTAG-CTCTCTAT-trim-2.fq.gz	CGTACTAG	CTCTCTAT	d374ee14ac7c3212f20654a1b6e1ab2fb0ca794e	61d8ee1fccd1b88f205228a784ee40ebc0d910af	348002097	345318626
0010-08-15	UChicago2-L007-JU2464	JU2464	UChicago2	L007	JU2464	TRUE	trimmomatic v0.33	ILLUMINACLIP:NexteraPE-PE.fa:2:80:10 MINLEN:45	12389698	100	C7NJ0ANXX	7	UChicago2-L007-JU2464-GGACTCCT-AGAGTAGA-trim-1.fq.gz	UChicago2-L007-JU2464-GGACTCCT-AGAGTAGA-trim-2.fq.gz	GGACTCCT	AGAGTAGA	8115fa1726c58e96127eb11a6495133a4a36b6d7	78aa7b130132d1d65fbba151c6a1aa651351abb7	626479621	672576770
0010-08-15	UChicago2-L007-JU2466	JU2466	UChicago2	L007	JU2466	TRUE	trimmomatic v0.33	ILLUMINACLIP:NexteraPE-PE.fa:2:80:10 MINLEN:45	6111464	100	C7NJ0ANXX	7	UChicago2-L007-JU2466-AGGCAGAA-TATCCTCT-trim-1.fq.gz	UChicago2-L007-JU2466-AGGCAGAA-TATCCTCT-trim-2.fq.gz	AGGCAGAA	TATCCTCT	8323e8b2104f913543be47ad48b1277d60346d95	648a7b111dd070a250849376e7177c853b8e5224	320211656	317814308
0010-08-15	UChicago2-L007-JU782	JU782	UChicago2	L007	JU782	TRUE	trimmomatic v0.33	ILLUMINACLIP:NexteraPE-PE.fa:2:80:10 MINLEN:45	12439806	100	C7NJ0ANXX	7	UChicago2-L007-JU782-TAAGGCGA-TATCCTCT-trim-1.fq.gz	UChicago2-L007-JU782-TAAGGCGA-TATCCTCT-trim-2.fq.gz	TAAGGCGA	TATCCTCT	44579652a3889bfb1db267e84ad482cdcd9afdfe	6ef338255991e18137603a64b1f98c9b88f1e12e	648878824	638505700
0010-08-15	UChicago2-L007-ECA254	N2	UChicago2	L007	ECA254	TRUE	trimmomatic v0.33	ILLUMINACLIP:NexteraPE-PE.fa:2:80:10 MINLEN:45	7895770	100	C7NJ0ANXX	7	UChicago2-L007-ECA254-TAGGCATG-TAGATCGC-trim-1.fq.gz	UChicago2-L007-ECA254-TAGGCATG-TAGATCGC-trim-2.fq.gz	TAGGCATG	TAGATCGC	755ca18795f67db3e727c70c54515d7f9d1f9ec2	02155dce453da107e3223772512332b36027ee76	414372014	411958481
0010-08-15	UChicago2-L007-NIC242	NIC242	UChicago2	L007	NIC242	TRUE	trimmomatic v0.33	ILLUMINACLIP:NexteraPE-PE.fa:2:80:10 MINLEN:45	10962121	100	C7NJ0ANXX	7	UChicago2-L007-NIC242-CGTACTAG-TATCCTCT-trim-1.fq.gz	UChicago2-L007-NIC242-CGTACTAG-TATCCTCT-trim-2.fq.gz	CGTACTAG	TATCCTCT	d6a405925c6b395234112782e943919655991133	733fe7360cef53a590bc5367228bbc2e0cae577b	568737535	567707003
0010-08-15	UChicago2-L007-NIC251	NIC251	UChicago2	L007	NIC251	TRUE	trimmomatic v0.33	ILLUMINACLIP:NexteraPE-PE.fa:2:80:10 MINLEN:45	9610357	100	C7NJ0ANXX	7	UChicago2-L007-NIC251-TCCTGAGC-CTCTCTAT-trim-1.fq.gz	UChicago2-L007-NIC251-TCCTGAGC-CTCTCTAT-trim-2.fq.gz	TCCTGAGC	CTCTCTAT	3b9da7a642db91808cab9e1b8bd87368fbb1e3e4	b1ddc098f7c4d32ed62109314f88c056a640f987	498847305	486990717
0010-08-15	UChicago2-L007-NIC258	NIC258	UChicago2	L007	NIC258	TRUE	trimmomatic v0.33	ILLUMINACLIP:NexteraPE-PE.fa:2:80:10 MINLEN:45	11641232	100	C7NJ0ANXX	7	UChicago2-L007-NIC258-TAAGGCGA-AGAGTAGA-trim-1.fq.gz	UChicago2-L007-NIC258-TAAGGCGA-AGAGTAGA-trim-2.fq.gz	TAAGGCGA	AGAGTAGA	37d3d36104eb3a5f1def9ce9e3dae5ec26da6c52	a828cc37bf70ee359427bbbae638bc530bc5cd5b	587270417	631529933
0010-08-15	UChicago2-L007-NIC259	NIC259	UChicago2	L007	NIC259	TRUE	trimmomatic v0.33	ILLUMINACLIP:NexteraPE-PE.fa:2:80:10 MINLEN:45	7723006	100	C7NJ0ANXX	7	UChicago2-L007-NIC259-CGTACTAG-AGAGTAGA-trim-1.fq.gz	UChicago2-L007-NIC259-CGTACTAG-AGAGTAGA-trim-2.fq.gz	CGTACTAG	AGAGTAGA	f787b0ebb9bc9596d642c719f882e91c7c0e6aa4	77ef84e7267e4f05e78ef7627662e1e998328cc3	390078885	423919112
0010-08-15	UChicago2-L007-NIC261	NIC261	UChicago2	L007	NIC261	TRUE	trimmomatic v0.33	ILLUMINACLIP:NexteraPE-PE.fa:2:80:10 MINLEN:45	13273179	100	C7NJ0ANXX	7	UChicago2-L007-NIC261-GGACTCCT-TATCCTCT-trim-1.fq.gz	UChicago2-L007-NIC261-GGACTCCT-TATCCTCT-trim-2.fq.gz	GGACTCCT	TATCCTCT	96fe9acd7203e4f6ad526cbc5749d525de09fbc1	1f46d720417d8cd056b96140f7284b65d9f187a1	689823337	673643523
0010-08-15	UChicago2-L007-NIC262	NIC262	UChicago2	L007	NIC262	TRUE	trimmomatic v0.33	ILLUMINACLIP:NexteraPE-PE.fa:2:80:10 MINLEN:45	10654344	100	C7NJ0ANXX	7	UChicago2-L007-NIC262-TAGGCATG-AGAGTAGA-trim-1.fq.gz	UChicago2-L007-NIC262-TAGGCATG-AGAGTAGA-trim-2.fq.gz	TAGGCATG	AGAGTAGA	6659a0af6344818277da2c39306c8f1e0b163d97	3de70ae50d676e83ea525ea4bb02ee17d5ac95d1	539730171	580808244
0010-08-15	UChicago2-L007-NIC269	NIC269	UChicago2	L007	NIC269	TRUE	trimmomatic v0.33	ILLUMINACLIP:NexteraPE-PE.fa:2:80:10 MINLEN:45	13915849	100	C7NJ0ANXX	7	UChicago2-L007-NIC269-TCCTGAGC-TATCCTCT-trim-1.fq.gz	UChicago2-L007-NIC269-TCCTGAGC-TATCCTCT-trim-2.fq.gz	TCCTGAGC	TATCCTCT	f196c530daa7538194dd257b1876dd35ff45220b	526791a75f2f9ed371ae36bdbf0b17645a8d12d7	720603245	707660861
0010-08-15	UChicago2-L007-NIC273	NIC272	UChicago2	L007	NIC273	TRUE	trimmomatic v0.33	ILLUMINACLIP:NexteraPE-PE.fa:2:80:10 MINLEN:45	7111457	100	C7NJ0ANXX	7	UChicago2-L007-NIC273-AGGCAGAA-CTCTCTAT-trim-1.fq.gz	UChicago2-L007-NIC273-AGGCAGAA-CTCTCTAT-trim-2.fq.gz	AGGCAGAA	CTCTCTAT	77fe7bbd64c5c3283b24bcbfb407b5b783ed25cc	c0963a378e327c9f0d556aa76b38b873746cb744	367208580	361046960
0010-08-15	UChicago2-L007-NIC274	NIC272	UChicago2	L007	NIC274	TRUE	trimmomatic v0.33	ILLUMINACLIP:NexteraPE-PE.fa:2:80:10 MINLEN:45	7231794	100	C7NJ0ANXX	7	UChicago2-L007-NIC274-AGGCAGAA-TAGATCGC-trim-1.fq.gz	UChicago2-L007-NIC274-AGGCAGAA-TAGATCGC-trim-2.fq.gz	AGGCAGAA	TAGATCGC	82be84cae74c0f3293beaa5ce2305f26d06df479	2a3aaf71987673d30aa90a64175308d7b8838b2d	374779598	382256269
0010-08-15	UChicago2-L007-NIC275	NIC275	UChicago2	L007	NIC275	TRUE	trimmomatic v0.33	ILLUMINACLIP:NexteraPE-PE.fa:2:80:10 MINLEN:45	9636813	100	C7NJ0ANXX	7	UChicago2-L007-NIC275-TCCTGAGC-AGAGTAGA-trim-1.fq.gz	UChicago2-L007-NIC275-TCCTGAGC-AGAGTAGA-trim-2.fq.gz	TCCTGAGC	AGAGTAGA	419f137598cf278edbdf9aa17e78b383c98ab7f0	91f9314237c715f37392960033dbde3b5ac866c7	489371990	528192378
0010-08-15	UChicago2-L007-QG2075	QG2075	UChicago2	L007	QG2075	TRUE	trimmomatic v0.33	ILLUMINACLIP:NexteraPE-PE.fa:2:80:10 MINLEN:45	7770794	100	C7NJ0ANXX	7	UChicago2-L007-QG2075-TAAGGCGA-CTCTCTAT-trim-1.fq.gz	UChicago2-L007-QG2075-TAAGGCGA-CTCTCTAT-trim-2.fq.gz	TAAGGCGA	CTCTCTAT	02ddcb740869162e6952ebb6d8aaa4300e8aaaf2	b33d1c9838c111538817366a087b8f2d1cb86937	400079239	391843354
0010-08-15	UChicago2-L007-QX1792	QX1792	UChicago2	L007	QX1792	TRUE	trimmomatic v0.33	ILLUMINACLIP:NexteraPE-PE.fa:2:80:10 MINLEN:45	10614864	100	C7NJ0ANXX	7	UChicago2-L007-QX1792-TAGGCATG-TATCCTCT-trim-1.fq.gz	UChicago2-L007-QX1792-TAGGCATG-TATCCTCT-trim-2.fq.gz	TAGGCATG	TATCCTCT	f0417bc7dd680e5efa1aaec496fa24a5ae8037c1	b780db75b04abcbdf81eafafb71f42f38032703c	548228677	541914244
0010-08-15	UChicago2-L008-BRC20067	BRC20067	UChicago2	L008	BRC20067	TRUE	trimmomatic v0.33	ILLUMINACLIP:NexteraPE-PE.fa:2:80:10 MINLEN:45	10802348	100	C7NJ0ANXX	8	UChicago2-L008-BRC20067-TAAGGCGA-AGAGTAGA-trim-1.fq.gz	UChicago2-L008-BRC20067-TAAGGCGA-AGAGTAGA-trim-2.fq.gz	TAAGGCGA	AGAGTAGA	ff04b6419a891de55920806588905b85e9666c6a	edf0d8c6d354c946ef8d889716d5fe676f4e0bfc	571126242	611216803
0010-08-15	UChicago2-L008-JT11398	JT11398	UChicago2	L008	JT11398	TRUE	trimmomatic v0.33	ILLUMINACLIP:NexteraPE-PE.fa:2:80:10 MINLEN:45	10407759	100	C7NJ0ANXX	8	UChicago2-L008-JT11398-AGGCAGAA-TATCCTCT-trim-1.fq.gz	UChicago2-L008-JT11398-AGGCAGAA-TATCCTCT-trim-2.fq.gz	AGGCAGAA	TATCCTCT	9fb6839db111dbbefd84f32c1209e2bd6025b8b9	ec807e8caae772167c76966c1b9bd5e074d53beb	554080291	553327059
0010-08-15	UChicago2-L008-JU2467	JU2464	UChicago2	L008	JU2467	TRUE	trimmomatic v0.33	ILLUMINACLIP:NexteraPE-PE.fa:2:80:10 MINLEN:45	13194856	100	C7NJ0ANXX	8	UChicago2-L008-JU2467-TAAGGCGA-TAGATCGC-trim-1.fq.gz	UChicago2-L008-JU2467-TAAGGCGA-TAGATCGC-trim-2.fq.gz	TAAGGCGA	TAGATCGC	ab7e28c9278f33da3cf1fdc637f38f0c933e682f	4c6ae0c858084fc0acba0927cfd144e469f5f0dc	727272523	698860231
0010-08-15	UChicago2-L008-JU2468	JU2464	UChicago2	L008	JU2468	TRUE	trimmomatic v0.33	ILLUMINACLIP:NexteraPE-PE.fa:2:80:10 MINLEN:45	11257727	100	C7NJ0ANXX	8	UChicago2-L008-JU2468-CGTACTAG-AGAGTAGA-trim-1.fq.gz	UChicago2-L008-JU2468-CGTACTAG-AGAGTAGA-trim-2.fq.gz	CGTACTAG	AGAGTAGA	6e30065299889c8cd42b2e16a16a8389aa40969b	f3521ab9045acc239d682bf267a72325839c32af	591128538	634892774
0010-08-15	UChicago2-L008-JU2513	JU2513	UChicago2	L008	JU2513	TRUE	trimmomatic v0.33	ILLUMINACLIP:NexteraPE-PE.fa:2:80:10 MINLEN:45	12018992	100	C7NJ0ANXX	8	UChicago2-L008-JU2513-GGACTCCT-AGAGTAGA-trim-1.fq.gz	UChicago2-L008-JU2513-GGACTCCT-AGAGTAGA-trim-2.fq.gz	GGACTCCT	AGAGTAGA	f3678e2c2db47727f28729d68832fa070fc53fe6	7701659f35328691f191a66323e950885bdeb6c1	631522743	670580881
0010-08-15	UChicago2-L008-JU2519	JU2519	UChicago2	L008	JU2519	TRUE	trimmomatic v0.33	ILLUMINACLIP:NexteraPE-PE.fa:2:80:10 MINLEN:45	8828207	100	C7NJ0ANXX	8	UChicago2-L008-JU2519-AGGCAGAA-CTCTCTAT-trim-1.fq.gz	UChicago2-L008-JU2519-AGGCAGAA-CTCTCTAT-trim-2.fq.gz	AGGCAGAA	CTCTCTAT	9ed6b599d47d920fca0cc506f04491c8a24eed07	d24b7daf332d597aa3d150ef4283fe657c26a25e	480301212	479212444
0010-08-15	UChicago2-L008-JU2522	JU2522	UChicago2	L008	JU2522	TRUE	trimmomatic v0.33	ILLUMINACLIP:NexteraPE-PE.fa:2:80:10 MINLEN:45	12945459	100	C7NJ0ANXX	8	UChicago2-L008-JU2522-TCCTGAGC-CTCTCTAT-trim-1.fq.gz	UChicago2-L008-JU2522-TCCTGAGC-CTCTCTAT-trim-2.fq.gz	TCCTGAGC	CTCTCTAT	1aea3b0265cab81d2737c89223f9171bc36323bb	6c6a1f19705b78a12814464b69e2a76856ab5bae	695222103	683134115
0010-08-15	UChicago2-L008-JU2526	JU2526	UChicago2	L008	JU2526	TRUE	trimmomatic v0.33	ILLUMINACLIP:NexteraPE-PE.fa:2:80:10 MINLEN:45	11250191	100	C7NJ0ANXX	8	UChicago2-L008-JU2526-TAGGCATG-CTCTCTAT-trim-1.fq.gz	UChicago2-L008-JU2526-TAGGCATG-CTCTCTAT-trim-2.fq.gz	TAGGCATG	CTCTCTAT	a4879fc3c69d7d8d7da63fd4fe0dd7bcbe7396b8	50e49cea5a8c50f506105029aad0d1be697311fd	603645761	600372188
0010-08-15	UChicago2-L008-JU363	JU360	UChicago2	L008	JU363	TRUE	trimmomatic v0.33	ILLUMINACLIP:NexteraPE-PE.fa:2:80:10 MINLEN:45	12050310	100	C7NJ0ANXX	8	UChicago2-L008-JU363-AGGCAGAA-AGAGTAGA-trim-1.fq.gz	UChicago2-L008-JU363-AGGCAGAA-AGAGTAGA-trim-2.fq.gz	AGGCAGAA	AGAGTAGA	991903e0690e6200f2c418193bc8ca1cb74b719f	ef1988d3cb497a6d2f0b1d46cbeb1fbf640b1290	631508546	679844583
0010-08-15	UChicago2-L008-NIC252	NIC252	UChicago2	L008	NIC252	TRUE	trimmomatic v0.33	ILLUMINACLIP:NexteraPE-PE.fa:2:80:10 MINLEN:45	7347908	100	C7NJ0ANXX	8	UChicago2-L008-NIC252-TCCTGAGC-TAGATCGC-trim-1.fq.gz	UChicago2-L008-NIC252-TCCTGAGC-TAGATCGC-trim-2.fq.gz	TCCTGAGC	TAGATCGC	c31868f323702b4eed887584ba8e636f1b07172a	e18e1365f626d444350143ea3d163cd184113c28	423261626	384734767
0010-08-15	UChicago2-L008-NIC255	NIC255	UChicago2	L008	NIC255	TRUE	trimmomatic v0.33	ILLUMINACLIP:NexteraPE-PE.fa:2:80:10 MINLEN:45	9631385	100	C7NJ0ANXX	8	UChicago2-L008-NIC255-GGACTCCT-TAGATCGC-trim-1.fq.gz	UChicago2-L008-NIC255-GGACTCCT-TAGATCGC-trim-2.fq.gz	GGACTCCT	TAGATCGC	d8df7a9eb979e591e556ae78ec7c718e0e5ea90c	5910800155656bbc15b32483c1ffff40412bf327	523732973	518387082
0010-08-15	UChicago2-L008-NIC256	NIC256	UChicago2	L008	NIC256	TRUE	trimmomatic v0.33	ILLUMINACLIP:NexteraPE-PE.fa:2:80:10 MINLEN:45	7929609	100	C7NJ0ANXX	8	UChicago2-L008-NIC256-TAGGCATG-AGAGTAGA-trim-1.fq.gz	UChicago2-L008-NIC256-TAGGCATG-AGAGTAGA-trim-2.fq.gz	TAGGCATG	AGAGTAGA	411af7ba3976a3531034ce914bf24aabbeb5967d	8cfcb7eaa6fc1fa32b8d6ccbb1d9feb61bf3668f	418765969	446345431
0010-08-15	UChicago2-L008-NIC260	NIC260	UChicago2	L008	NIC260	TRUE	trimmomatic v0.33	ILLUMINACLIP:NexteraPE-PE.fa:2:80:10 MINLEN:45	12216428	100	C7NJ0ANXX	8	UChicago2-L008-NIC260-AGGCAGAA-TAGATCGC-trim-1.fq.gz	UChicago2-L008-NIC260-AGGCAGAA-TAGATCGC-trim-2.fq.gz	AGGCAGAA	TAGATCGC	e24b730e40e323e3717bc5dc7a1bb9bc57c0d7b9	3989fe5154ed30f27d77d4c3acb9952b0d28f8b6	647971204	661331463
0010-08-15	UChicago2-L008-NIC263	NIC256	UChicago2	L008	NIC263	TRUE	trimmomatic v0.33	ILLUMINACLIP:NexteraPE-PE.fa:2:80:10 MINLEN:45	7674701	100	C7NJ0ANXX	8	UChicago2-L008-NIC263-TCCTGAGC-TATCCTCT-trim-1.fq.gz	UChicago2-L008-NIC263-TCCTGAGC-TATCCTCT-trim-2.fq.gz	TCCTGAGC	TATCCTCT	322650af11d595b0fe885977d71a204dcc45ed37	0f810ff36138e57af4df71c0fbf4f06240e9b346	411311343	406645101
0010-08-15	UChicago2-L008-NIC265	NIC265	UChicago2	L008	NIC265	TRUE	trimmomatic v0.33	ILLUMINACLIP:NexteraPE-PE.fa:2:80:10 MINLEN:45	8108882	100	C7NJ0ANXX	8	UChicago2-L008-NIC265-TAAGGCGA-TATCCTCT-trim-1.fq.gz	UChicago2-L008-NIC265-TAAGGCGA-TATCCTCT-trim-2.fq.gz	TAAGGCGA	TATCCTCT	e6de1bcb32456a0cd7ab820fd2429f004ee5988e	f4c2872631408f4114304c755dd0e670d3972205	434619422	430465510
0010-08-15	UChicago2-L008-NIC266	NIC266	UChicago2	L008	NIC266	TRUE	trimmomatic v0.33	ILLUMINACLIP:NexteraPE-PE.fa:2:80:10 MINLEN:45	10347254	100	C7NJ0ANXX	8	UChicago2-L008-NIC266-CGTACTAG-TATCCTCT-trim-1.fq.gz	UChicago2-L008-NIC266-CGTACTAG-TATCCTCT-trim-2.fq.gz	CGTACTAG	TATCCTCT	96c780e73fb431b5765edf1bddaaeb67651b6b8a	0ce39eb9776592b2d9963903f27a7c2aa1f74e10	547871470	549421608
0010-08-15	UChicago2-L008-NIC267	NIC267	UChicago2	L008	NIC267	TRUE	trimmomatic v0.33	ILLUMINACLIP:NexteraPE-PE.fa:2:80:10 MINLEN:45	14347517	100	C7NJ0ANXX	8	UChicago2-L008-NIC267-TAAGGCGA-CTCTCTAT-trim-1.fq.gz	UChicago2-L008-NIC267-TAAGGCGA-CTCTCTAT-trim-2.fq.gz	TAAGGCGA	CTCTCTAT	9964e8072cee8e56e2705587111189efd472bada	96fa1c0faa09cc5ae13b0ee9f7891dc8636bfa77	767792695	758843743
0010-08-15	UChicago2-L008-NIC268	NIC268	UChicago2	L008	NIC268	TRUE	trimmomatic v0.33	ILLUMINACLIP:NexteraPE-PE.fa:2:80:10 MINLEN:45	11762489	100	C7NJ0ANXX	8	UChicago2-L008-NIC268-TAGGCATG-TATCCTCT-trim-1.fq.gz	UChicago2-L008-NIC268-TAGGCATG-TATCCTCT-trim-2.fq.gz	TAGGCATG	TATCCTCT	abcd5d19628aa55624e697e0f7a5e75cfe399853	430cd1b57c0802df125372a941679167b31d2336	625462140	622698717
0010-08-15	UChicago2-L008-NIC270	NIC267	UChicago2	L008	NIC270	TRUE	trimmomatic v0.33	ILLUMINACLIP:NexteraPE-PE.fa:2:80:10 MINLEN:45	10595292	100	C7NJ0ANXX	8	UChicago2-L008-NIC270-TAGGCATG-TAGATCGC-trim-1.fq.gz	UChicago2-L008-NIC270-TAGGCATG-TAGATCGC-trim-2.fq.gz	TAGGCATG	TAGATCGC	6a01888469c346c27220d4416404305338ac0cc6	900822e5600c943eb2546a04079f6088c6d5a05c	572399541	569128196
0010-08-15	UChicago2-L008-NIC271	NIC271	UChicago2	L008	NIC271	TRUE	trimmomatic v0.33	ILLUMINACLIP:NexteraPE-PE.fa:2:80:10 MINLEN:45	10668358	100	C7NJ0ANXX	8	UChicago2-L008-NIC271-GGACTCCT-CTCTCTAT-trim-1.fq.gz	UChicago2-L008-NIC271-GGACTCCT-CTCTCTAT-trim-2.fq.gz	GGACTCCT	CTCTCTAT	0391d9048feeb5b58061206d2e809782b7329753	d2f0c3cb97e7244c98ad9d3bd3368280abac7a79	573916159	562498783
0010-08-15	UChicago2-L008-NIC272	NIC272	UChicago2	L008	NIC272	TRUE	trimmomatic v0.33	ILLUMINACLIP:NexteraPE-PE.fa:2:80:10 MINLEN:45	11870500	100	C7NJ0ANXX	8	UChicago2-L008-NIC272-TCCTGAGC-AGAGTAGA-trim-1.fq.gz	UChicago2-L008-NIC272-TCCTGAGC-AGAGTAGA-trim-2.fq.gz	TCCTGAGC	AGAGTAGA	b17e5802e2855da28fa9a4455cc8e2c28c757ff2	1dbd1da00c6ed61ecaae57d117bdb89037ad1c1f	626052417	667348707
0010-08-15	UChicago2-L008-NIC276	NIC276	UChicago2	L008	NIC276	TRUE	trimmomatic v0.33	ILLUMINACLIP:NexteraPE-PE.fa:2:80:10 MINLEN:45	7276846	100	C7NJ0ANXX	8	UChicago2-L008-NIC276-CGTACTAG-TAGATCGC-trim-1.fq.gz	UChicago2-L008-NIC276-CGTACTAG-TAGATCGC-trim-2.fq.gz	CGTACTAG	TAGATCGC	aca54f9c47fa14e41dba65961945f6ae77847aa9	96eb6d17aed522e1ee060325f7fe479e74a0e88d	387902191	394490533
0010-08-15	UChicago2-L008-NIC277	NIC277	UChicago2	L008	NIC277	TRUE	trimmomatic v0.33	ILLUMINACLIP:NexteraPE-PE.fa:2:80:10 MINLEN:45	10806424	100	C7NJ0ANXX	8	UChicago2-L008-NIC277-GGACTCCT-TATCCTCT-trim-1.fq.gz	UChicago2-L008-NIC277-GGACTCCT-TATCCTCT-trim-2.fq.gz	GGACTCCT	TATCCTCT	08b76ca653117a736cec3b4f5e3f65de255cbbd1	e7277dcb379a1b97d9c9e00fc0e66a231397fc78	576155321	566254052
0010-08-15	UChicago2-L008-QW947	QW947	UChicago2	L008	QW947	TRUE	trimmomatic v0.33	ILLUMINACLIP:NexteraPE-PE.fa:2:80:10 MINLEN:45	11909061	100	C7NJ0ANXX	8	UChicago2-L008-QW947-CGTACTAG-CTCTCTAT-trim-1.fq.gz	UChicago2-L008-QW947-CGTACTAG-CTCTCTAT-trim-2.fq.gz	CGTACTAG	CTCTCTAT	d54c6053089c0368730612002ce9ee469d91c0c0	19b406a03f18efc63970508fb712bade80fb3d52	636257285	635260775
0009-05-14	UChicago-EA1-CB4856	CB4856	UChicago	EA1	CB4856	TRUE	trimmomatic v0.33	ILLUMINACLIP:NexteraPE-PE.fa:2:80:10 MINLEN:45	8271744	100	HAJR1ADXX	1	UChicago-EA1-CB4856-TCCTGAGC-TAGATCGC-trim-1.fq.gz	UChicago-EA1-CB4856-TCCTGAGC-TAGATCGC-trim-2.fq.gz	TCCTGAGC	TAGATCGC	9763113e35e8347690cba7c6ff58a1a893a3d0e0	fa3a8a25bb38cceeb16e2aa77c75a517a8a9b85b	503596325	505810264
0009-05-14	UChicago-EA1-ECA249	CB4857	UChicago	EA1	ECA249	TRUE	trimmomatic v0.33	ILLUMINACLIP:NexteraPE-PE.fa:2:80:10 MINLEN:45	9754035	100	HAJR1ADXX	1	UChicago-EA1-ECA249-TAAGGCGA-TAGATCGC-trim-1.fq.gz	UChicago-EA1-ECA249-TAAGGCGA-TAGATCGC-trim-2.fq.gz	TAAGGCGA	TAGATCGC	51d28fb02abe31c9d1aaacf76b1540d181c51f69	d923a16165ceeaf0080c700f019d69b89fcf3a70	592344748	599037618
0009-05-14	UChicago-EA1-ECA36	ECA36	UChicago	EA1	ECA36	TRUE	trimmomatic v0.33	ILLUMINACLIP:NexteraPE-PE.fa:2:80:10 MINLEN:45	9281396	100	HAJR1ADXX	1	UChicago-EA1-ECA36-GGACTCCT-TAGATCGC-trim-1.fq.gz	UChicago-EA1-ECA36-GGACTCCT-TAGATCGC-trim-2.fq.gz	GGACTCCT	TAGATCGC	eac1cb9027bba22a9ba55cf2d538ea98a9b62ed8	68c0b29fddc3f69b1d956e6fb8c31808d0816159	572033372	577536397
0009-05-14	UChicago-EA1-ED3017	ED3017	UChicago	EA1	ED3017	TRUE	trimmomatic v0.33	ILLUMINACLIP:NexteraPE-PE.fa:2:80:10 MINLEN:45	9704800	100	HAJR1ADXX	1	UChicago-EA1-ED3017-TAGGCATG-CTCTCTAT-trim-1.fq.gz	UChicago-EA1-ED3017-TAGGCATG-CTCTCTAT-trim-2.fq.gz	TAGGCATG	CTCTCTAT	a3e0d49fcc960eb63cb21cf1f51041676d8bb8dd	e2dcfde241d6e65954fabfc9b6f0689fbb7423ea	599014598	599522119
0009-05-14	UChicago-EA1-EG4725	EG4725	UChicago	EA1	EG4725	TRUE	trimmomatic v0.33	ILLUMINACLIP:NexteraPE-PE.fa:2:80:10 MINLEN:45	7518596	100	HAJR1ADXX	1	UChicago-EA1-EG4725-CGTACTAG-TAGATCGC-trim-1.fq.gz	UChicago-EA1-EG4725-CGTACTAG-TAGATCGC-trim-2.fq.gz	CGTACTAG	TAGATCGC	9ac96c39b5d87f85757f953022fce44f30474dfc	70bbf69feba1aa7b6f57af8db2a4c1c982e281a9	456036203	461275236
0009-05-14	UChicago-EA1-JU1440	JU1440	UChicago	EA1	JU1440	TRUE	trimmomatic v0.33	ILLUMINACLIP:NexteraPE-PE.fa:2:80:10 MINLEN:45	10992652	100	HAJR1ADXX	1	UChicago-EA1-JU1440-GGACTCCT-CTCTCTAT-trim-1.fq.gz	UChicago-EA1-JU1440-GGACTCCT-CTCTCTAT-trim-2.fq.gz	GGACTCCT	CTCTCTAT	6d39250fe8ac9b58227fc14f26649047877d80ba	ea0647ac22a9da1b17046ab0e4c3c679990950bf	673507955	672067483
0009-05-14	UChicago-EA1-JU2316	JU2316	UChicago	EA1	JU2316	TRUE	trimmomatic v0.33	ILLUMINACLIP:NexteraPE-PE.fa:2:80:10 MINLEN:45	8365116	100	HAJR1ADXX	1	UChicago-EA1-JU2316-CGTACTAG-CTCTCTAT-trim-1.fq.gz	UChicago-EA1-JU2316-CGTACTAG-CTCTCTAT-trim-2.fq.gz	CGTACTAG	CTCTCTAT	84b6c1eb64b33162450a0b80cfccfb1671247456	4c8e4f27e11d99e050a2b7712c796f30cf504cc9	514756008	514708439
0009-05-14	UChicago-EA1-JU2464	JU2464	UChicago	EA1	JU2464	TRUE	trimmomatic v0.33	ILLUMINACLIP:NexteraPE-PE.fa:2:80:10 MINLEN:45	5766204	100	HAJR1ADXX	1	UChicago-EA1-JU2464-GGACTCCT-AGAGTAGA-trim-1.fq.gz	UChicago-EA1-JU2464-GGACTCCT-AGAGTAGA-trim-2.fq.gz	GGACTCCT	AGAGTAGA	e8736490d68020e105839e721e69170f50cafc7f	e4381242774642607116f60f0eaff3b75913000e	366177004	380264768
0009-05-14	UChicago-EA1-JU2466	JU2466	UChicago	EA1	JU2466	TRUE	trimmomatic v0.33	ILLUMINACLIP:NexteraPE-PE.fa:2:80:10 MINLEN:45	8878180	100	HAJR1ADXX	1	UChicago-EA1-JU2466-AGGCAGAA-TATCCTCT-trim-1.fq.gz	UChicago-EA1-JU2466-AGGCAGAA-TATCCTCT-trim-2.fq.gz	AGGCAGAA	TATCCTCT	e4efeed0d42f53d5d68eeb593a80ec7ac0b7de17	38e9e5e284d9cc3ee47ba3a106e2ed007a3f9a2a	558779428	562981068
0009-05-14	UChicago-EA1-JU782	JU782	UChicago	EA1	JU782	TRUE	trimmomatic v0.33	ILLUMINACLIP:NexteraPE-PE.fa:2:80:10 MINLEN:45	7862050	100	HAJR1ADXX	1	UChicago-EA1-JU782-TAAGGCGA-TATCCTCT-trim-1.fq.gz	UChicago-EA1-JU782-TAAGGCGA-TATCCTCT-trim-2.fq.gz	TAAGGCGA	TATCCTCT	ca89a4972623c5d4b636e655242d776dd294a285	bd1478193c4f50907c458f62b265beed3126bd2e	492777422	495005411
0009-05-14	UChicago-EA1-N2Baer	N2	UChicago	EA1	N2Baer	TRUE	trimmomatic v0.33	ILLUMINACLIP:NexteraPE-PE.fa:2:80:10 MINLEN:45	9729491	100	HAJR1ADXX	1	UChicago-EA1-N2Baer-TAGGCATG-TAGATCGC-trim-1.fq.gz	UChicago-EA1-N2Baer-TAGGCATG-TAGATCGC-trim-2.fq.gz	TAGGCATG	TAGATCGC	8b900b9a026d210c973ce0745c08d304cd7ed682	eccfabdd83fb545227970c500bb3b7fe12ce2e47	598704059	605916698
0009-05-14	UChicago-EA1-NIC242	NIC242	UChicago	EA1	NIC242	TRUE	trimmomatic v0.33	ILLUMINACLIP:NexteraPE-PE.fa:2:80:10 MINLEN:45	7706580	100	HAJR1ADXX	1	UChicago-EA1-NIC242-CGTACTAG-TATCCTCT-trim-1.fq.gz	UChicago-EA1-NIC242-CGTACTAG-TATCCTCT-trim-2.fq.gz	CGTACTAG	TATCCTCT	fa109fa7662e3336b19f30b635d7921588c624ea	a825238ac92976c8ef739ff137f1f622b3df779c	486146613	487567410
0009-05-14	UChicago-EA1-NIC251	NIC251	UChicago	EA1	NIC251	TRUE	trimmomatic v0.33	ILLUMINACLIP:NexteraPE-PE.fa:2:80:10 MINLEN:45	10439335	100	HAJR1ADXX	1	UChicago-EA1-NIC251-TCCTGAGC-CTCTCTAT-trim-1.fq.gz	UChicago-EA1-NIC251-TCCTGAGC-CTCTCTAT-trim-2.fq.gz	TCCTGAGC	CTCTCTAT	67c4c3c429ece5c0884c0e195be2befa0ae1c232	231f931df66e4894d525a951e08b06f32cfe5bd0	646605561	645727681
0009-05-14	UChicago-EA1-NIC258	NIC258	UChicago	EA1	NIC258	TRUE	trimmomatic v0.33	ILLUMINACLIP:NexteraPE-PE.fa:2:80:10 MINLEN:45	8098153	100	HAJR1ADXX	1	UChicago-EA1-NIC258-TAAGGCGA-AGAGTAGA-trim-1.fq.gz	UChicago-EA1-NIC258-TAAGGCGA-AGAGTAGA-trim-2.fq.gz	TAAGGCGA	AGAGTAGA	df4387ba4534a1da8718b86aa1e52abd13feceaf	e27ba185044213b3e9ab67597bef2d51db8be2bf	507317335	527145024
0009-05-14	UChicago-EA1-NIC259	NIC259	UChicago	EA1	NIC259	TRUE	trimmomatic v0.33	ILLUMINACLIP:NexteraPE-PE.fa:2:80:10 MINLEN:45	7025491	100	HAJR1ADXX	1	UChicago-EA1-NIC259-CGTACTAG-AGAGTAGA-trim-1.fq.gz	UChicago-EA1-NIC259-CGTACTAG-AGAGTAGA-trim-2.fq.gz	CGTACTAG	AGAGTAGA	e990ef99b7fe2890b152ccca918289198b752a6a	242c2279d5c04cf633dbab2a0e069afe18533cb3	441914757	458947644
0009-05-14	UChicago-EA1-NIC261	NIC261	UChicago	EA1	NIC261	TRUE	trimmomatic v0.33	ILLUMINACLIP:NexteraPE-PE.fa:2:80:10 MINLEN:45	9220800	100	HAJR1ADXX	1	UChicago-EA1-NIC261-GGACTCCT-TATCCTCT-trim-1.fq.gz	UChicago-EA1-NIC261-GGACTCCT-TATCCTCT-trim-2.fq.gz	GGACTCCT	TATCCTCT	b71896a2746018923165084ca91424e36f74fc2a	e0e93c41772421d3240bf3d000e6241f15da994d	577310123	577703930
0009-05-14	UChicago-EA1-NIC262	NIC262	UChicago	EA1	NIC262	TRUE	trimmomatic v0.33	ILLUMINACLIP:NexteraPE-PE.fa:2:80:10 MINLEN:45	6517295	100	HAJR1ADXX	1	UChicago-EA1-NIC262-TAGGCATG-AGAGTAGA-trim-1.fq.gz	UChicago-EA1-NIC262-TAGGCATG-AGAGTAGA-trim-2.fq.gz	TAGGCATG	AGAGTAGA	776f7d49f4e0c63987635b53a204eaeef377b3cf	649b89ce12d34ff003da864f3e5ddbe5562b472b	411764608	428337577
0009-05-14	UChicago-EA1-NIC269	NIC269	UChicago	EA1	NIC269	TRUE	trimmomatic v0.33	ILLUMINACLIP:NexteraPE-PE.fa:2:80:10 MINLEN:45	10418576	100	HAJR1ADXX	1	UChicago-EA1-NIC269-TCCTGAGC-TATCCTCT-trim-1.fq.gz	UChicago-EA1-NIC269-TCCTGAGC-TATCCTCT-trim-2.fq.gz	TCCTGAGC	TATCCTCT	cde6b52cf9c7b6caa58039e8802532e748d1f2dd	8c47b6500d293fd4268f2b810d9107b33bd386d7	654129030	655019254
0009-05-14	UChicago-EA1-NIC273	NIC272	UChicago	EA1	NIC273	TRUE	trimmomatic v0.33	ILLUMINACLIP:NexteraPE-PE.fa:2:80:10 MINLEN:45	9527948	100	HAJR1ADXX	1	UChicago-EA1-NIC273-AGGCAGAA-CTCTCTAT-trim-1.fq.gz	UChicago-EA1-NIC273-AGGCAGAA-CTCTCTAT-trim-2.fq.gz	AGGCAGAA	CTCTCTAT	51081b5c61b3ba8fcb0cf0a106459cd430ae8446	85462072278143d8f19bd0707a5bf81c98736558	578917017	580678084
0009-05-14	UChicago-EA1-NIC274	NIC272	UChicago	EA1	NIC274	TRUE	trimmomatic v0.33	ILLUMINACLIP:NexteraPE-PE.fa:2:80:10 MINLEN:45	11510868	100	HAJR1ADXX	1	UChicago-EA1-NIC274-AGGCAGAA-TAGATCGC-trim-1.fq.gz	UChicago-EA1-NIC274-AGGCAGAA-TAGATCGC-trim-2.fq.gz	AGGCAGAA	TAGATCGC	e2c906808e4a567ff3f3c7eeb7bbccb3fa121e7e	d9e21b309d2c001fe4e9c75dfed59c991755e336	704013330	717973449
0009-05-14	UChicago-EA1-NIC275	NIC275	UChicago	EA1	NIC275	TRUE	trimmomatic v0.33	ILLUMINACLIP:NexteraPE-PE.fa:2:80:10 MINLEN:45	5274934	100	HAJR1ADXX	1	UChicago-EA1-NIC275-TCCTGAGC-AGAGTAGA-trim-1.fq.gz	UChicago-EA1-NIC275-TCCTGAGC-AGAGTAGA-trim-2.fq.gz	TCCTGAGC	AGAGTAGA	ae4883b6cb731622fbb34f1dbf3fec1d64093be3	0107bc48d3d43a4deade263734eaacec17a53f6e	335174334	348037594
0009-05-14	UChicago-EA1-QG2075	QG2075	UChicago	EA1	QG2075	TRUE	trimmomatic v0.33	ILLUMINACLIP:NexteraPE-PE.fa:2:80:10 MINLEN:45	9243177	100	HAJR1ADXX	2	UChicago-EA1-QG2075-TAAGGCGA-CTCTCTAT-trim-1.fq.gz	UChicago-EA1-QG2075-TAAGGCGA-CTCTCTAT-trim-2.fq.gz	TAAGGCGA	CTCTCTAT	d090ee8f72eac389efd2e8861b37a1c966c93256	37609bb1743424af2b38a9566e00a74a0a221303	558263337	558149008
0009-05-14	UChicago-EA1-QX1792	QX1792	UChicago	EA1	QX1792	TRUE	trimmomatic v0.33	ILLUMINACLIP:NexteraPE-PE.fa:2:80:10 MINLEN:45	10487411	100	HAJR1ADXX	2	UChicago-EA1-QX1792-TAGGCATG-TATCCTCT-trim-1.fq.gz	UChicago-EA1-QX1792-TAGGCATG-TATCCTCT-trim-2.fq.gz	TAGGCATG	TATCCTCT	fa39d2a0e187a92a89185e42073c201111bdec4d	2c76e0d8a18c3b414733bb8c1d154b4f1bc7725e	654739287	656671491
0009-05-14	UChicago-EA2-BRC20067	BRC20067	UChicago	EA2	BRC20067	TRUE	trimmomatic v0.33	ILLUMINACLIP:NexteraPE-PE.fa:2:80:10 MINLEN:45	8599983	100	HAJR1ADXX	2	UChicago-EA2-BRC20067-TAAGGCGA-AGAGTAGA-trim-1.fq.gz	UChicago-EA2-BRC20067-TAAGGCGA-AGAGTAGA-trim-2.fq.gz	TAAGGCGA	AGAGTAGA	0661d0cfd2543fd968828d895629b70262b4acae	f59150cef3f218d12dca8a8e9e21857ce2abcce2	530504370	554615342
0009-05-14	UChicago-EA2-JT11398	JT11398	UChicago	EA2	JT11398	TRUE	trimmomatic v0.33	ILLUMINACLIP:NexteraPE-PE.fa:2:80:10 MINLEN:45	9300099	100	HAJR1ADXX	2	UChicago-EA2-JT11398-AGGCAGAA-TATCCTCT-trim-1.fq.gz	UChicago-EA2-JT11398-AGGCAGAA-TATCCTCT-trim-2.fq.gz	AGGCAGAA	TATCCTCT	f7f16578a00fccd7d1baf95fae938509b9741334	ede7d12f30a6cfc0e03c575ce608433bd24eec37	564947434	570447373
0009-05-14	UChicago-EA2-JU2467	JU2464	UChicago	EA2	JU2467	TRUE	trimmomatic v0.33	ILLUMINACLIP:NexteraPE-PE.fa:2:80:10 MINLEN:45	7496883	100	HAJR1ADXX	2	UChicago-EA2-JU2467-TAAGGCGA-TAGATCGC-trim-1.fq.gz	UChicago-EA2-JU2467-TAAGGCGA-TAGATCGC-trim-2.fq.gz	TAAGGCGA	TAGATCGC	7ab35feb72fbea6f16ee3592714f586a30be5402	a537aec7c469be3996cc598f0a57dc04e9b161c3	455962102	463456009
0009-05-14	UChicago-EA2-JU2468	JU2464	UChicago	EA2	JU2468	TRUE	trimmomatic v0.33	ILLUMINACLIP:NexteraPE-PE.fa:2:80:10 MINLEN:45	7951262	100	HAJR1ADXX	2	UChicago-EA2-JU2468-CGTACTAG-AGAGTAGA-trim-1.fq.gz	UChicago-EA2-JU2468-CGTACTAG-AGAGTAGA-trim-2.fq.gz	CGTACTAG	AGAGTAGA	1147dcf342fc8ff3001f394e77550e7eb0339074	3d094664928e9809e13bda5df4d90583d34960c2	491441543	512889179
0009-05-14	UChicago-EA2-JU2513	JU2513	UChicago	EA2	JU2513	TRUE	trimmomatic v0.33	ILLUMINACLIP:NexteraPE-PE.fa:2:80:10 MINLEN:45	8909883	100	HAJR1ADXX	2	UChicago-EA2-JU2513-GGACTCCT-AGAGTAGA-trim-1.fq.gz	UChicago-EA2-JU2513-GGACTCCT-AGAGTAGA-trim-2.fq.gz	GGACTCCT	AGAGTAGA	a977bfdfbe912eab925303b471dbf5cae0d133e1	e75a377ba6397ca7a5ffb3139084756ebc441689	549862184	573175081
0009-05-14	UChicago-EA2-JU2519	JU2519	UChicago	EA2	JU2519	TRUE	trimmomatic v0.33	ILLUMINACLIP:NexteraPE-PE.fa:2:80:10 MINLEN:45	6160589	100	HAJR1ADXX	2	UChicago-EA2-JU2519-AGGCAGAA-CTCTCTAT-trim-1.fq.gz	UChicago-EA2-JU2519-AGGCAGAA-CTCTCTAT-trim-2.fq.gz	AGGCAGAA	CTCTCTAT	4f08c7d95441e53b40cdee9db062b1c155188962	5767c351dbccc221866110d0501de0036504bd77	383956229	389151615
0009-05-14	UChicago-EA2-JU2522	JU2522	UChicago	EA2	JU2522	TRUE	trimmomatic v0.33	ILLUMINACLIP:NexteraPE-PE.fa:2:80:10 MINLEN:45	9246586	100	HAJR1ADXX	2	UChicago-EA2-JU2522-TCCTGAGC-CTCTCTAT-trim-1.fq.gz	UChicago-EA2-JU2522-TCCTGAGC-CTCTCTAT-trim-2.fq.gz	TCCTGAGC	CTCTCTAT	32f1ceb46b14b8b171abf1af2c2d9c9499907ba0	ed3824b6b854d64c0e9180bb943eb62ac7fc5727	568551515	571155731
0009-05-14	UChicago-EA2-JU2526	JU2526	UChicago	EA2	JU2526	TRUE	trimmomatic v0.33	ILLUMINACLIP:NexteraPE-PE.fa:2:80:10 MINLEN:45	8272946	100	HAJR1ADXX	2	UChicago-EA2-JU2526-TAGGCATG-CTCTCTAT-trim-1.fq.gz	UChicago-EA2-JU2526-TAGGCATG-CTCTCTAT-trim-2.fq.gz	TAGGCATG	CTCTCTAT	cc2316a2a38d68bb3ecb75ac2699d8a74ba3e2d8	9e332f8fbcb05a2d08c037baecacb33051bdb871	510274590	513559458
0009-05-14	UChicago-EA2-JU363	JU360	UChicago	EA2	JU363	TRUE	trimmomatic v0.33	ILLUMINACLIP:NexteraPE-PE.fa:2:80:10 MINLEN:45	10030964	100	HAJR1ADXX	2	UChicago-EA2-JU363-AGGCAGAA-AGAGTAGA-trim-1.fq.gz	UChicago-EA2-JU363-AGGCAGAA-AGAGTAGA-trim-2.fq.gz	AGGCAGAA	AGAGTAGA	116b6f1a20ef158443e237bbe58aac1aed63e2f4	81d346d16fbada5296696e9340c99a2dbc149c32	613844409	643751723
0009-05-14	UChicago-EA2-NIC252	NIC252	UChicago	EA2	NIC252	TRUE	trimmomatic v0.33	ILLUMINACLIP:NexteraPE-PE.fa:2:80:10 MINLEN:45	7617881	100	HAJR1ADXX	2	UChicago-EA2-NIC252-TCCTGAGC-TAGATCGC-trim-1.fq.gz	UChicago-EA2-NIC252-TCCTGAGC-TAGATCGC-trim-2.fq.gz	TCCTGAGC	TAGATCGC	e64295f5f8baaf5ae44efd21c86dab20fefd5dc8	1770a0c69fe0f28e3060fcdda4f0515e5c84b36b	467463553	472209724
0009-05-14	UChicago-EA2-NIC255	NIC255	UChicago	EA2	NIC255	TRUE	trimmomatic v0.33	ILLUMINACLIP:NexteraPE-PE.fa:2:80:10 MINLEN:45	7287885	100	HAJR1ADXX	2	UChicago-EA2-NIC255-GGACTCCT-TAGATCGC-trim-1.fq.gz	UChicago-EA2-NIC255-GGACTCCT-TAGATCGC-trim-2.fq.gz	GGACTCCT	TAGATCGC	204006638e99c2be5d44b4705d24bd223739751b	33349447b0db2773ba2ab2b8f7a96f62ea5acdd0	449003355	455956090
0009-05-14	UChicago-EA2-NIC256	NIC256	UChicago	EA2	NIC256	TRUE	trimmomatic v0.33	ILLUMINACLIP:NexteraPE-PE.fa:2:80:10 MINLEN:45	6538274	100	HAJR1ADXX	2	UChicago-EA2-NIC256-TAGGCATG-AGAGTAGA-trim-1.fq.gz	UChicago-EA2-NIC256-TAGGCATG-AGAGTAGA-trim-2.fq.gz	TAGGCATG	AGAGTAGA	b3f51ab3fbbbee2b757dbeeba19609e4796e9817	33eb45530fe02755d818ec854123a3e78934c4e6	404260265	422461642
0009-05-14	UChicago-EA2-NIC260	NIC260	UChicago	EA2	NIC260	TRUE	trimmomatic v0.33	ILLUMINACLIP:NexteraPE-PE.fa:2:80:10 MINLEN:45	8830065	100	HAJR1ADXX	2	UChicago-EA2-NIC260-AGGCAGAA-TAGATCGC-trim-1.fq.gz	UChicago-EA2-NIC260-AGGCAGAA-TAGATCGC-trim-2.fq.gz	AGGCAGAA	TAGATCGC	070f1ed292c6f01d60f4ade3e9dcbd8fc1181ac2	ba777287c9acb1dd05744688a7f8fa3d28518c98	533688952	546869040
0009-05-14	UChicago-EA2-NIC263	NIC256	UChicago	EA2	NIC263	TRUE	trimmomatic v0.33	ILLUMINACLIP:NexteraPE-PE.fa:2:80:10 MINLEN:45	5925683	100	HAJR1ADXX	2	UChicago-EA2-NIC263-TCCTGAGC-TATCCTCT-trim-1.fq.gz	UChicago-EA2-NIC263-TCCTGAGC-TATCCTCT-trim-2.fq.gz	TCCTGAGC	TATCCTCT	65546e3ec3a0fbe356fdd221b5994f3bfdcd5efd	1769dea3086150357fc78efe83c327a9a5a6eec3	363512381	365033082
0009-05-14	UChicago-EA2-NIC265	NIC265	UChicago	EA2	NIC265	TRUE	trimmomatic v0.33	ILLUMINACLIP:NexteraPE-PE.fa:2:80:10 MINLEN:45	7011327	100	HAJR1ADXX	2	UChicago-EA2-NIC265-TAAGGCGA-TATCCTCT-trim-1.fq.gz	UChicago-EA2-NIC265-TAAGGCGA-TATCCTCT-trim-2.fq.gz	TAAGGCGA	TATCCTCT	1c99f15e008da8694fa99319146388fca827af35	2648b940d1f991353b95b70e898fb8735e84b1ec	427496878	430361742
0009-05-14	UChicago-EA2-NIC266	NIC266	UChicago	EA2	NIC266	TRUE	trimmomatic v0.33	ILLUMINACLIP:NexteraPE-PE.fa:2:80:10 MINLEN:45	7736466	100	HAJR1ADXX	2	UChicago-EA2-NIC266-CGTACTAG-TATCCTCT-trim-1.fq.gz	UChicago-EA2-NIC266-CGTACTAG-TATCCTCT-trim-2.fq.gz	CGTACTAG	TATCCTCT	bd350e0fb32bd8d6714193e196eb58fce8899a8e	e90aa261cb6caa46775832bf4334ad3d04c9923c	470251635	472348833
0009-05-14	UChicago-EA2-NIC267	NIC267	UChicago	EA2	NIC267	TRUE	trimmomatic v0.33	ILLUMINACLIP:NexteraPE-PE.fa:2:80:10 MINLEN:45	7634800	100	HAJR1ADXX	2	UChicago-EA2-NIC267-TAAGGCGA-CTCTCTAT-trim-1.fq.gz	UChicago-EA2-NIC267-TAAGGCGA-CTCTCTAT-trim-2.fq.gz	TAAGGCGA	CTCTCTAT	b2d8602023143b589c571459168063841931f0c1	55d27a505741f9d947661e33d6b4e4cd74440562	470878133	473721949
0009-05-14	UChicago-EA2-NIC268	NIC268	UChicago	EA2	NIC268	TRUE	trimmomatic v0.33	ILLUMINACLIP:NexteraPE-PE.fa:2:80:10 MINLEN:45	8832599	100	HAJR1ADXX	2	UChicago-EA2-NIC268-TAGGCATG-TATCCTCT-trim-1.fq.gz	UChicago-EA2-NIC268-TAGGCATG-TATCCTCT-trim-2.fq.gz	TAGGCATG	TATCCTCT	77bb59d4b0dfd50922221fa6b3d6c2fa834a859a	d7239ceaa648f7058e068f2ecb25725929efafef	542290802	545546823
0009-05-14	UChicago-EA2-NIC270	NIC267	UChicago	EA2	NIC270	TRUE	trimmomatic v0.33	ILLUMINACLIP:NexteraPE-PE.fa:2:80:10 MINLEN:45	8568195	100	HAJR1ADXX	2	UChicago-EA2-NIC270-TAGGCATG-TAGATCGC-trim-1.fq.gz	UChicago-EA2-NIC270-TAGGCATG-TAGATCGC-trim-2.fq.gz	TAGGCATG	TAGATCGC	273574ee182d2b2cf03dbd52652d5b590c8edc52	995527517e3a38cbbe7f9c429685d42d1077a3ac	525280134	533931292
0009-05-14	UChicago-EA2-NIC271	NIC271	UChicago	EA2	NIC271	TRUE	trimmomatic v0.33	ILLUMINACLIP:NexteraPE-PE.fa:2:80:10 MINLEN:45	7189121	100	HAJR1ADXX	2	UChicago-EA2-NIC271-GGACTCCT-CTCTCTAT-trim-1.fq.gz	UChicago-EA2-NIC271-GGACTCCT-CTCTCTAT-trim-2.fq.gz	GGACTCCT	CTCTCTAT	59b640642fb3a14f34502d37af458447065c9da8	84b8254e515cdcc506b18b3c6db68bd032935bca	444788287	446320735
0009-05-14	UChicago-EA2-NIC272	NIC273	UChicago	EA2	NIC272	TRUE	trimmomatic v0.33	ILLUMINACLIP:NexteraPE-PE.fa:2:80:10 MINLEN:45	8177956	100	HAJR1ADXX	2	UChicago-EA2-NIC272-TCCTGAGC-AGAGTAGA-trim-1.fq.gz	UChicago-EA2-NIC272-TCCTGAGC-AGAGTAGA-trim-2.fq.gz	TCCTGAGC	AGAGTAGA	10a3fca28d4b13b3133689d188d6b7d33605be48	664acc1755389de20d82dd770c5191851e904860	506916621	528907610
0009-05-14	UChicago-EA2-NIC276	NIC276	UChicago	EA2	NIC276	TRUE	trimmomatic v0.33	ILLUMINACLIP:NexteraPE-PE.fa:2:80:10 MINLEN:45	7065833	100	HAJR1ADXX	2	UChicago-EA2-NIC276-CGTACTAG-TAGATCGC-trim-1.fq.gz	UChicago-EA2-NIC276-CGTACTAG-TAGATCGC-trim-2.fq.gz	CGTACTAG	TAGATCGC	7499888fbae1a9b9386b3b47794020d32190f79c	a13843f58fdbbcdbb2962837e9a7993a0b12862d	429644680	437161429
0009-05-14	UChicago-EA2-NIC277	NIC277	UChicago	EA2	NIC277	TRUE	trimmomatic v0.33	ILLUMINACLIP:NexteraPE-PE.fa:2:80:10 MINLEN:45	8178210	100	HAJR1ADXX	2	UChicago-EA2-NIC277-GGACTCCT-TATCCTCT-trim-1.fq.gz	UChicago-EA2-NIC277-GGACTCCT-TATCCTCT-trim-2.fq.gz	GGACTCCT	TATCCTCT	bfa3e09e55b040170f5427f66b522b197917c4f9	d3573cd51d4074ad8d12f2fac116253fc6bb4bb3	497783472	498989621
0009-05-14	UChicago-EA2-QW947	QW947	UChicago	EA2	QW947	TRUE	trimmomatic v0.33	ILLUMINACLIP:NexteraPE-PE.fa:2:80:10 MINLEN:45	6602161	100	HAJR1ADXX	2	UChicago-EA2-QW947-CGTACTAG-CTCTCTAT-trim-1.fq.gz	UChicago-EA2-QW947-CGTACTAG-CTCTCTAT-trim-2.fq.gz	CGTACTAG	CTCTCTAT	639dcf88ef5647af2d903e6807fb1e823c143e57	466daa6d73e24801293a5e7352d28c4c961a7379	408414084	410580777
