sample_name	sample_title	bioproject_accession	organism	strain	isolate	breed	cultivar	ecotype	age	dev_stage	sex	tissue	biomaterial_provider	birth_date	birth_location	breeding_history	breeding_method	cell_line	cell_subtype	cell_type	collected_by	collection_date	culture_collection	death_date	disease	disease_stage	genotype	geo_loc_name	growth_protocol	health_state	isolation_source	lat_lon	phenotype	sample_type	specimen_voucher	store_cond	stud_book_number	treatment	description	isolated_by	city	state	country
Andersen-CB4856	CB4856	PRJNA318647	Caenorhabditis elegans	CB4856						mixed	hermaphrodite	whole organism									L. Hollen	1972-08-01										21.33,-157.86							Isolated from an unknown Hawaiian island pineapple field	L. Hollen	Honolulu	Hawaii	United States
Andersen-ECA249	ECA249	PRJNA318647	Caenorhabditis elegans	ECA249						mixed	hermaphrodite	whole organism									E.M. Hedgecock	1972-11-01										34.096,-117.719							Low copy Tc1, pattern II		Claremont	California	United States
Andersen-ECA36	ECA36	PRJNA318647	Caenorhabditis elegans	ECA36						mixed	hermaphrodite	whole organism									I. Ly	2013-07-27										-36.893333,174.745529								K. Ly	Auckland	Auckland	New Zealand
Andersen-ED3017	ED3017	PRJNA318647	Caenorhabditis elegans	ED3017						mixed	hermaphrodite	whole organism									A. Cutter	2004-12-03										55.92,-3.19							isolated from Midmar Allotment public vegetable garden	A. Cutter	Edinburgh	Scotland	United Kingdom
Andersen-EG4725	EG4725	PRJNA318647	Caenorhabditis elegans	EG4725						mixed	hermaphrodite	whole organism									M. Ailion	2007-03-28										41.6288,-8.3476								M. Ailion	Amares	Braga	Portugal
Andersen-JU1440	JU1440	PRJNA318647	Caenorhabditis elegans	JU1440						mixed	hermaphrodite	whole organism									M-A. Felix	2008-06-09										41.41307,2.15231							Isolated from rotting palm fruit sampled by MAF on 9 June 2008 in the Park Guëll, Barcelona, Spain. Picked as young adult on 11 June 2008.	M-A. Felix	Barcelona	Catalunya	Spain
Andersen-JU2316	JU2316	PRJNA318647	Caenorhabditis elegans	JU2316						mixed	hermaphrodite	whole organism									M-A. Felix	2013-08-25										38.7175,-9.1486							Isolated from rotten Ficus macrophylla fruits sampled on 25 Aug 2013 in the Botanical Garden of the University of Lisbon, Portugal. Plated on 26 Aug. Started from a post-dauer juvenile on 26 Aug. Same sample as JU2317 and JU2377	M-A. Felix	Lisbon	Lisbon	Portugal
Andersen-JU2464	JU2464	PRJNA318647	Caenorhabditis elegans	JU2464						mixed	hermaphrodite	whole organism									L. Lokmane	2013-01-01										-13.155,-72.525							From a rotting fleshy fruit collected by Ludmilla Lokmane in Aguas Calientes (Peru; -13.156022, -72.52402) in Jan 2013. Isolated by Lise Frézal from an adult isolated on 9 Jan 2013	L. Frezal	Aguas Calientes	Cusco	Peru
Andersen-JU2466	JU2466	PRJNA318647	Caenorhabditis elegans	JU2466						mixed	hermaphrodite	whole organism									L. Lokmane	2013-01-01										-13.257,-72.266							From a rotting lemon collected by Ludmilla Lokmane in Ollanta (Peru; -13.266085, -72.179351) in Jan 2013. Isolated by Lise Frézal. Line started from an adult isolated on 9 Jan 2013	L. Frezal	Ollantaytambo	Cusco	Peru
Andersen-JU782	JU782	PRJNA318647	Caenorhabditis elegans	JU782						mixed	hermaphrodite	whole organism									M-A. Felix	2005-07-10										38.7191,-9.1503							Isolated in the Botanical Garden, Lisbon, Portugal	M-A. Felix	Lisbon	Lisbon	Portugal
Andersen-ECA254	ECA254	PRJNA318647	Caenorhabditis elegans	ECA254						mixed	hermaphrodite	whole organism									W. Nicholas	1951-01-01										51.45,-2.59							""	L. Staniland	Bristol	England	United Kingdom
Andersen-NIC242	NIC242	PRJNA318647	Caenorhabditis elegans	NIC242						mixed	hermaphrodite	whole organism									C. Braendle	2008-08-17										38.691765,-9.31609							Isolated at IGC (Instituto Gulbenkian de Ciência)	C. Braendle	Oeiras	Lisbon Metropolitan Area	Portugal
Andersen-NIC251	NIC251	PRJNA318647	Caenorhabditis elegans	NIC251						mixed	hermaphrodite	whole organism									S. Carvalho	2012-08-01										38.66621,-28.151364							Isolated in the Azores, on the island of São Jorge	S. Carvalho	Ribeira do Nabo	Azores	Portugal
Andersen-NIC258	NIC258	PRJNA318647	Caenorhabditis elegans	NIC258						mixed	hermaphrodite	whole organism									C. Braendle	2012-12-02										38.71829,-9.14875								C. Braendle	Lisbon	Lisbon Metropolitan Area	Portugal
Andersen-NIC259	NIC259	PRJNA318647	Caenorhabditis elegans	NIC259						mixed	hermaphrodite	whole organism									C. Braendle	2012-12-02										38.71829,-9.14875								C. Braendle	Lisbon	Lisbon Metropolitan Area	Portugal
Andersen-NIC261	NIC261	PRJNA318647	Caenorhabditis elegans	NIC261						mixed	hermaphrodite	whole organism									C. Braendle	2012-12-02										38.71829,-9.14875								C. Braendle	Lisbon	Lisbon Metropolitan Area	Portugal
Andersen-NIC262	NIC262	PRJNA318647	Caenorhabditis elegans	NIC262						mixed	hermaphrodite	whole organism									C. Braendle	2012-12-02										38.71829,-9.14875								C. Braendle	Lisbon	Lisbon Metropolitan Area	Portugal
Andersen-NIC269	NIC269	PRJNA318647	Caenorhabditis elegans	NIC269						mixed	hermaphrodite	whole organism									C. Braendle	2012-12-07										38.69237,-9.31592							Isolated in Jardim do Palacio do Marques de Pombal	C. Braendle	Oeiras	Lisbon Metropolitan Area	Portugal
Andersen-NIC273	NIC273	PRJNA318647	Caenorhabditis elegans	NIC273						mixed	hermaphrodite	whole organism									C. Braendle	2012-12-09										39.769459,-8.756356							Isolated in a garden near an old farmhouse	C. Braendle	Boa Vista	Leiria District	Portugal
Andersen-NIC274	NIC274	PRJNA318647	Caenorhabditis elegans	NIC274						mixed	hermaphrodite	whole organism									C. Braendle	2012-12-09										39.769459,-8.756356							Isolated in a garden near an old farmhouse	C. Braendle	Boa Vista	Leiria District	Portugal
Andersen-NIC275	NIC275	PRJNA318647	Caenorhabditis elegans	NIC275						mixed	hermaphrodite	whole organism									C. Braendle	2012-12-09										39.769459,-8.756356							Isolated in a garden near an old farmhouse	C. Braendle	Boa Vista	Leiria District	Portugal
Andersen-QG2075	QG2075	PRJNA318647	Caenorhabditis elegans	QG2075						mixed	hermaphrodite	whole organism									M. Rockman	2013-02-20										33.951,-83.376									Athens	Georgia	United States
Andersen-QX1792	QX1792	PRJNA318647	Caenorhabditis elegans	QX1792						mixed	hermaphrodite	whole organism									E.Andersen	2011-01-28										20.70554,-156.35475								E. Andersen	Kula	Hawaii	United States
Andersen-BRC20067	BRC20067	PRJNA318647	Caenorhabditis elegans	BRC20067						mixed	hermaphrodite	whole organism									J.Wang	2012-01-13										24.072954,121.169736								C.-Y. Kao	""	Taiwan Province	Taiwan
Andersen-JT11398	JT11398	PRJNA318647	Caenorhabditis elegans	JT11398						mixed	hermaphrodite	whole organism									J. Kemner	2003-12-01										47.763944,-122.275484							Isolated from worm bin in contact with soil at 18704 50th Ave Lake Forest Park, WA outside of Seattle. Bin was fed kitchen scraps and espresso ground. Isolated by single worm pick from fluidized worm castings. Fertile with C. elegans males.	J. Kemner	Lake Forest Park	Washington	United States
Andersen-JU2467	JU2467	PRJNA318647	Caenorhabditis elegans	JU2467						mixed	hermaphrodite	whole organism									L. Lokmane	2013-01-01										-13.155,-72.525							From a rotting fleshy fruit collected by Ludmilla Lokmane in Aguas Calientes (Peru; -13.156022, -72.52402) in Jan 2013. Isolated by Lise Frézal. Line started from an adult on 9 Jan 2013.	L. Frezal	Aguas Calientes	Cusco	Peru
Andersen-JU2468	JU2468	PRJNA318647	Caenorhabditis elegans	JU2468						mixed	hermaphrodite	whole organism									L. Lokmane	2013-01-01										-13.155,-72.525							From a rotting fleshy fruit collected by Ludmilla Lokmane in Aguas Calientes (Peru; -13.156022, -72.52402) in Jan 2013. Isolated by Lise Frézal from an adult on 9 Jan 2013.	L. Frezal	Aguas Calientes	Cusco	Peru
Andersen-JU2513	JU2513	PRJNA318647	Caenorhabditis elegans	JU2513						mixed	hermaphrodite	whole organism									M-A. Felix	2013-05-07										38.26016,22.0736							Isolated from a rotting orange sampled by MAF near Aigio, Greece on 7 May 2013. 38.26016, 22.0736	M-A. Felix	""	Peloponnisos Dytiki Ellada ke Ionio	Greece
Andersen-JU2519	JU2519	PRJNA318647	Caenorhabditis elegans	JU2519						mixed	hermaphrodite	whole organism									M-A. Felix	2013-08-25										38.7175,-9.1486							Isolated from rotten Ficus isophlebia fruits sampled on 25 Aug 2013 in the Botanical Garden of the University of Lisbon, Portugal. Plated on 26 Aug. Started from a dauer juvenile on 26 Aug. Same sample as JU2520-1. Same tree as JU778-81	M-A. Felix	Lisbon	Lisbon	Portugal
Andersen-JU2522	JU2522	PRJNA318647	Caenorhabditis elegans	JU2522						mixed	hermaphrodite	whole organism									M-A. Felix	2013-08-25										38.7175,-9.1486							Isolated from rotten fruits of Harpephyllum caffrum (Anacardiaceae) sampled on 25 Aug 2013 in the Botanical Garden of the University of Lisbon, Portugal. Plated on 26 Aug. Started from a young adult on 27 Aug. Same sample as JU2523. Same tree as JU775-7	M-A. Felix	Lisbon	Lisbon	Portugal
Andersen-JU2526	JU2526	PRJNA318647	Caenorhabditis elegans	JU2526						mixed	hermaphrodite	whole organism									M-A. Felix	2013-08-25										38.7175,-9.1486							Isolated from rotten fruits of Chrysophyllum imperiale sampled on 25 Aug 2013 in the Botanical Garden of the University of Lisbon, Portugal. Plated on 26 Aug. Started from a dauer juvenile on 26 Aug. Same sample as JU2524-5.	M-A. Felix	Lisbon	Lisbon	Portugal
Andersen-JU363	JU363	PRJNA318647	Caenorhabditis elegans	JU363						mixed	hermaphrodite	whole organism									C. Pieau	2002-09-16										48.98,2.23							Franconville (Val d’Oise), France. Compost heap in Claude Pieau’s garden, 16 Sept 02.	M-A. Felix	Franconville	ÃÅ½le-de-France	France
Andersen-NIC252	NIC252	PRJNA318647	Caenorhabditis elegans	NIC252						mixed	hermaphrodite	whole organism									S. Carvalho	2012-08-01										38.661313,-28.147949							Isolated in the Azores, on the island of São Jorge	S. Carvalho	Ribeira do Nabo	Azores	Portugal
Andersen-NIC255	NIC255	PRJNA318647	Caenorhabditis elegans	NIC255						mixed	hermaphrodite	whole organism									C. Braendle	2012-11-18										43.714834,7.266779							Isolated in Parc de Valrose	C. Braendle	Nice	Provence-Alpes-Côte d'Azur	France
Andersen-NIC256	NIC256	PRJNA318647	Caenorhabditis elegans	NIC256						mixed	hermaphrodite	whole organism									C. Braendle	2012-12-02										38.71829,-9.14875								C. Braendle	Lisbon	Lisbon Metropolitan Area	Portugal
Andersen-NIC260	NIC260	PRJNA318647	Caenorhabditis elegans	NIC260						mixed	hermaphrodite	whole organism									C. Braendle	2012-12-02										38.71829,-9.14875								C. Braendle	Lisbon	Lisbon Metropolitan Area	Portugal
Andersen-NIC263	NIC263	PRJNA318647	Caenorhabditis elegans	NIC263						mixed	hermaphrodite	whole organism									C. Braendle	2012-12-02										38.71829,-9.14875								C. Braendle	Lisbon	Lisbon Metropolitan Area	Portugal
Andersen-NIC265	NIC265	PRJNA318647	Caenorhabditis elegans	NIC265						mixed	hermaphrodite	whole organism									C. Braendle	2012-12-02										38.71829,-9.14875								C. Braendle	Lisbon	Lisbon Metropolitan Area	Portugal
Andersen-NIC266	NIC266	PRJNA318647	Caenorhabditis elegans	NIC266						mixed	hermaphrodite	whole organism									C. Braendle	2012-12-07										38.69237,-9.31592							Isolated in Jardim do Palacio do Marques de Pombal	C. Braendle	Oeiras	Lisbon Metropolitan Area	Portugal
Andersen-NIC267	NIC267	PRJNA318647	Caenorhabditis elegans	NIC267						mixed	hermaphrodite	whole organism									C. Braendle	2012-12-07										38.69237,-9.31592							Isolated in Jardim do Palacio do Marques de Pombal	C. Braendle	Oeiras	Lisbon Metropolitan Area	Portugal
Andersen-NIC268	NIC268	PRJNA318647	Caenorhabditis elegans	NIC268						mixed	hermaphrodite	whole organism									C. Braendle	2012-12-07										38.69237,-9.31592							Isolated in Jardim do Palacio do Marques de Pombal	C. Braendle	Oeiras	Lisbon Metropolitan Area	Portugal
Andersen-NIC270	NIC270	PRJNA318647	Caenorhabditis elegans	NIC270						mixed	hermaphrodite	whole organism									C. Braendle	2012-12-07										38.69237,-9.31592							Isolated in Jardim do Palacio do Marques de Pombal	C. Braendle	Oeiras	Lisbon Metropolitan Area	Portugal
Andersen-NIC271	NIC271	PRJNA318647	Caenorhabditis elegans	NIC271						mixed	hermaphrodite	whole organism									C. Braendle	2012-12-07										38.69237,-9.31592							Isolated in Jardim do Palacio do Marques de Pombal	C. Braendle	Oeiras	Lisbon Metropolitan Area	Portugal
Andersen-NIC272	NIC272	PRJNA318647	Caenorhabditis elegans	NIC272						mixed	hermaphrodite	whole organism									C. Braendle	2012-12-09										39.769459,-8.756356							Isolated in a garden near an old farmhouse	C. Braendle	Boa Vista	Leiria District	Portugal
Andersen-NIC276	NIC276	PRJNA318647	Caenorhabditis elegans	NIC276						mixed	hermaphrodite	whole organism									C. Braendle	2012-12-09										39.769459,-8.756356							Isolated in a garden near an old farmhouse	C. Braendle	Boa Vista	Leiria District	Portugal
Andersen-NIC277	NIC277	PRJNA318647	Caenorhabditis elegans	NIC277						mixed	hermaphrodite	whole organism									C. Braendle	2012-12-15										43.716441,7.266138							Isolated in Parc de Valrose	C. Braendle	Nice	Provence-Alpes-Côte d'Azur	France
Andersen-QW947	QW947	PRJNA318647	Caenorhabditis elegans	QW947						mixed	hermaphrodite	whole organism									M. Alkema	2013-04-12										-33.4213,-70.6106								M. Alkema	Santiago	Santiago Metropolitan Region	Chile
Andersen-CB4852	CB4852	PRJNA318647	Caenorhabditis elegans	CB4852						mixed	hermaphrodite	whole organism									Unknown											""							Isolated by workers at Imperial College, London. Obtained by S. Brenner in 1966 and kept in liquid medium for three years before freezing		""	""	""
Andersen-CX11315	CX11315	PRJNA318647	Caenorhabditis elegans	CX11315						mixed	hermaphrodite	whole organism									A. Sivasundar	2013-09-03										34.12946,-118.10987							isolated in Huntington Gardens	A. Sivasundar	San Marino	California	United States
Andersen-DL238	DL238	PRJNA318647	Caenorhabditis elegans	DL238						mixed	hermaphrodite	whole organism									J. Knapp	2008-07-15										19.22,-155.82								J. Knapp	Captain Cook	Hawaii	United States
Andersen-ECA253	ECA253	PRJNA318647	Caenorhabditis elegans	ECA253						mixed	hermaphrodite	whole organism									W. Nicholas	1951-01-01										51.45,-2.59							""	L. Staniland	Bristol	England	United Kingdom
Andersen-ED3049	ED3049	PRJNA318647	Caenorhabditis elegans	ED3049						mixed	hermaphrodite	whole organism									E. Dolgin	2006-04-02										-33.366667,19.316667							Isolated from compost at a plant nursery at the Ceres Fruit Farms in the Western Cape province near Ceres	E. Dolgin	""	Western Cape	South Africa
Andersen-JU1580	JU1580	PRJNA318647	Caenorhabditis elegans	JU1580						mixed	hermaphrodite	whole organism									M-A. Felix	2008-10-06										48.7015,2.1725							Isolated from rotting apple O87 (Calville Rouge d’Oullins) sampled by MAF in the Orsay (Essonne, France) orchard on 6 Oct 2008. Plated on 6 Oct, isolated as a L4 on 7 Oct.	M-A. Felix	Orsay	Île-de-France	France
Andersen-JU258	JU258	PRJNA318647	Caenorhabditis elegans	JU258						mixed	hermaphrodite	whole organism									M-A. Felix	2001-10-01										32.73,-16.89							From Madeira Island, Portugal, Oct 01. Ribeiro Frio 1.1. Along a path through an orchard.	M-A. Felix	""	Madeira	Portugal
Andersen-JU360	JU360	PRJNA318647	Caenorhabditis elegans	JU360						mixed	hermaphrodite	whole organism									C. Pieau	2002-09-16										48.98,2.23							Franconville (Val d’Oise), France. Compost heap in Claude Pieau’s garden, 16 Sept 02.	M-A. Felix	Franconville	ÃÅ½le-de-France	France
Andersen-JU778	JU778	PRJNA318647	Caenorhabditis elegans	JU778						mixed	hermaphrodite	whole organism									M-A. Felix	2005-07-10										38.719,-9.1491							Isolated in the Botanical Garden, Lisbon, Portugal	M-A. Felix	Lisbon	Lisbon	Portugal
Andersen-MY23	MY23	PRJNA318647	Caenorhabditis elegans	MY23						mixed	hermaphrodite	whole organism									H. Schulenburg	2002-07-01										51.96,7.53								H. Schulenburg	Münster	Nordrhein-Westfalen	Germany
Andersen-NIC232	NIC232	PRJNA318647	Caenorhabditis elegans	NIC232						mixed	hermaphrodite	whole organism									C. Braendle	2011-11-14										43.720505,7.24045								C. Braendle	Nice	Provence-Alpes-Côte d'Azur	France
Andersen-QG557	QG557	PRJNA318647	Caenorhabditis elegans	QG557						mixed	hermaphrodite	whole organism									A. Paaby	2011-06-27										34.421629,-119.702021									Santa Barbara	California	United States
Andersen-AB1	AB1	PRJNA318647	Caenorhabditis elegans	AB1						mixed	hermaphrodite	whole organism									D. Riddle and A. Bird	1983-01-01										-34.93,138.59							Tc1 pattern VII	D. Riddle and A. Bird	Adelaide	South Australia	Australia
Andersen-AB4	AB4	PRJNA318647	Caenorhabditis elegans	AB4						mixed	hermaphrodite	whole organism									D. Riddle and A. Bird	1983-01-01										-34.93,138.59							Tc1 pattern VIII	D. Riddle and A. Bird	Adelaide	South Australia	Australia
Andersen-CX11276	CX11276	PRJNA318647	Caenorhabditis elegans	CX11276						mixed	hermaphrodite	whole organism									A. Sivasundar	2003-09-01										34.20111,-118.21198							isolated at Decanso Gardens	A. Sivasundar	La Cañada Flintridge	California	United States
Andersen-CX11285	CX11285	PRJNA318647	Caenorhabditis elegans	CX11285						mixed	hermaphrodite	whole organism									A. Sivasundar	2003-09-01										34.14331,-118.05496							isolated in Los Angeles Arboretum	A. Sivasundar	Arcadia	California	United States
Andersen-DL226	DL226	PRJNA318647	Caenorhabditis elegans	DL226						mixed	hermaphrodite	whole organism									C. Hilburn	2008-01-01										44.5633,-123.2821								C. Hilburn	Corvallis	Oregon	United States
Andersen-ED3046	ED3046	PRJNA318647	Caenorhabditis elegans	ED3046						mixed	hermaphrodite	whole organism									E. Dolgin	2006-05-05										-33.366667,19.316667							Isolated from compost at a plant nursery at the Ceres Fruit Farms in the Western Cape province near Ceres	E. Dolgin	""	Western Cape	South Africa
Andersen-JU1200	JU1200	PRJNA318647	Caenorhabditis elegans	JU1200						mixed	hermaphrodite	whole organism									T. Page	2007-08-01										55.577,-4.6							Isolated by Tony Page from a compost heap sample recovered on 1 Aug 2007 in SouthWest Scotland 4°36.0’ West 55°34.6’ North.	T. Page	Dundonald	Scotland	United Kingdom
Andersen-JU346	JU346	PRJNA318647	Caenorhabditis elegans	JU346						mixed	hermaphrodite	whole organism									M-A. Felix	2002-09-08										44.42,4.4							Merlet, Lagorce (Ardèche), France. 8 Sep 02. From a Glomeris myriapod in the compost pile (same myriapod as JU342, JU343, JU344).	M-A. Felix	Goudargues	Languedoc-Roussillon	France
Andersen-JU775	JU775	PRJNA318647	Caenorhabditis elegans	JU775						mixed	hermaphrodite	whole organism									M-A. Felix	2005-07-10										38.7175,-9.1486							Isolated in the Botanical Garden, Lisbon, Portugal	M-A. Felix	Lisbon	Lisbon	Portugal
Andersen-MY1	MY1	PRJNA318647	Caenorhabditis elegans	MY1						mixed	hermaphrodite	whole organism									H. Schulenburg	2002-07-01										52.54,7.31								H. Schulenburg	Lingen (Ems)	Niedersachsen	Germany
Andersen-MY16	MY16	PRJNA318647	Caenorhabditis elegans	MY16						mixed	hermaphrodite	whole organism									H. Schulenburg	2002-07-01										51.93,7.57								H. Schulenburg	Münster	Nordrhein-Westfalen	Germany
Andersen-NIC196	NIC196	PRJNA318647	Caenorhabditis elegans	NIC196						mixed	hermaphrodite	whole organism									D. Bourc'his and J. Dumont	2011-08-23										38.4716405,-28.20149								D. Bourc'his and J. Dumont	Prainha	Azores	Portugal
Andersen-NIC2	NIC2	PRJNA318647	Caenorhabditis elegans	NIC2						mixed	hermaphrodite	whole organism									C. Braendle	2008-09-14										43.279,5.3543								C. Braendle	Marseille	Provence-Alpes-Côte d'Azur	France
Andersen-ECA259	ECA259	PRJNA318647	Caenorhabditis elegans	ECA259						mixed	hermaphrodite	whole organism									S. Baird	1998-11-28										""							Porcellio scaber obtained from Connecticut Valley Biological Supply	S. Baird	""	""	""
Andersen-QG556	QG556	PRJNA318647	Caenorhabditis elegans	QG556						mixed	hermaphrodite	whole organism									A. Paaby	2011-06-27										34.421629,-119.702021									Santa Barbara	California	United States
Andersen-QX1791	QX1791	PRJNA318647	Caenorhabditis elegans	QX1791						mixed	hermaphrodite	whole organism									E.Andersen	2011-01-27										20.6344,-156.3935								E. Andersen	Kula	Hawaii	United States
Andersen-QX1793	QX1793	PRJNA318647	Caenorhabditis elegans	QX1793						mixed	hermaphrodite	whole organism									E.Andersen	2011-01-28										20.70559,-156.35678								E. Andersen	Kula	Hawaii	United States
Andersen-QX1794	QX1794	PRJNA318647	Caenorhabditis elegans	QX1794						mixed	hermaphrodite	whole organism									E.Andersen	2011-01-28										20.70559,-156.35678								E. Andersen	Kula	Hawaii	United States
Andersen-CX11254	CX11254	PRJNA318647	Caenorhabditis elegans	CX11254						mixed	hermaphrodite	whole organism									A. Sivasundar	2003-09-01										34.130138,-118.114835							isolated in Huntington Gardens	A. Sivasundar	Los Angeles	California	United States
Andersen-CX11314	CX11314	PRJNA318647	Caenorhabditis elegans	CX11314						mixed	hermaphrodite	whole organism									A. Sivasundar	2003-09-01										34.12946,-118.10987							isolated in Huntington Gardens	A. Sivasundar	San Marino	California	United States
Andersen-ECA243	ECA243	PRJNA318647	Caenorhabditis elegans	ECA243						mixed	hermaphrodite	whole organism									V. Nigon											44.85,0.48							Isolated before 1949, kept in the laboratory of J. Brun for many years, N62 culture named and frozen by S. Brenner, same culture at RW7000. Tc1 pattern HCB.	V. Nigon	Bergerac	Aquitaine	France
Andersen-ECA246	ECA246	PRJNA318647	Caenorhabditis elegans	ECA246						mixed	hermaphrodite	whole organism									C.D. Johnson	1974-05-01										34.189,-118.131							Low copy Tc1; pattern III		Altadena	California	United States
Andersen-ECA252	ECA252	PRJNA318647	Caenorhabditis elegans	ECA252						mixed	hermaphrodite	whole organism									E.M. Hedgecock	1973-06-01										34.1,-118.1							this is a stock of PA1 that was sent to the Emmons lab and found to have a low Tc1copy number (as compared to CB4555).		San Gabriel	California	United States
Andersen-ED3011	ED3011	PRJNA318647	Caenorhabditis elegans	ED3011						mixed	hermaphrodite	whole organism									A. Cutter	2004-11-11										55.92,-3.19							isolated from Midmar Allotment public vegetable garden (field 1 plot 39)	A. Cutter	Edinburgh	Scotland	United Kingdom
Andersen-EG4347	EG4347	PRJNA318647	Caenorhabditis elegans	EG4347						mixed	hermaphrodite	whole organism									M. Ailion	2006-10-09										44.04789,-123.07108								M. Ailion	Eugene	Oregon	United States
Andersen-JU1088	JU1088	PRJNA318647	Caenorhabditis elegans	JU1088						mixed	hermaphrodite	whole organism									M-A. Felix	2007-03-14										34.7613,138.0149							Isolated by MAF from soil sampled on 14 March 2007 in the Kacho-en aviary in Kakegawa, Shizuoka prefecture, Japan. May not be independent from JU1083; was contaminated with a Microbacterium nematophilum-like phenotype (frozen in Q47).	M-A. Felix	Kakegawa-shi	Shizuoka-ken	Japan
Andersen-JU1246	JU1246	PRJNA318647	Caenorhabditis elegans	JU1246						mixed	hermaphrodite	whole organism									M-A. Felix	2007-10-14										49.12618,1.96152							Isolated from a rotting apple (#14) collected above Santeuil, Viosne valley, Val d’Oise, on 14 Oct 07. Egl adult on 15 Oct. Bleached.	M-A. Felix	Marines	Île-de-France	France
Andersen-JU1491	JU1491	PRJNA318647	Caenorhabditis elegans	JU1491						mixed	hermaphrodite	whole organism									M-A. Felix	2008-08-17										46.63,1.06							Isolated from rotting Arum maculata stems sampled on 17 Aug 2008 by MAF in woods near Le Blanc (Indre, France). Plated on 18 Aug, picked as a L4 larva on 18 Aug.	M-A. Felix	Le Blanc	Centre	France
Andersen-JU1586	JU1586	PRJNA318647	Caenorhabditis elegans	JU1586						mixed	hermaphrodite	whole organism									M-A. Felix	2008-11-03										46.63,1.06							Isolated from rotting grape puree sampled in Le Blanc (Indre), France on 3 Nov 2008. Plated 3 Nov 2008, isolated as adult on 5 Nov.	M-A. Felix	Le Blanc	Centre	France
Andersen-JU2007	JU2007	PRJNA318647	Caenorhabditis elegans	JU2007						mixed	hermaphrodite	whole organism									M. Barkoulas	2010-10-16										50.7608,-1.32413							Wild strain isolated by Michalis Barkoulas in Cowes, Isle of Wight, UK from rotten apples. Oct 2010	M. Barkoulas	Whitwell	England	United Kingdom
Andersen-JU315	JU315	PRJNA318647	Caenorhabditis elegans	JU315						mixed	hermaphrodite	whole organism									M-A. Felix	2002-09-08										44.2,4.4							Merlet, Lagorce (Ardèche), France. 8 Sep 02. From Pomatias elegans (?) snails	M-A. Felix	Goudargues	Languedoc-Roussillon	France
Andersen-JU440	JU440	PRJNA318647	Caenorhabditis elegans	JU440						mixed	hermaphrodite	whole organism									D. Baille	2003-09-12										48.715,1.56							From Beauchêne (Eure & Loir -France) in the compost pile, 12 Sep 03.	M-A. Felix	Boutigny-Prouais	Centre	France
Andersen-JU830	JU830	PRJNA318647	Caenorhabditis elegans	JU830						mixed	hermaphrodite	whole organism									R. Hong	2005-09-28										48.52,9.05								M-A. Felix	Tübingen	Baden-Württemberg	Germany
Andersen-LKC34	LKC34	PRJNA318647	Caenorhabditis elegans	LKC34						mixed	hermaphrodite	whole organism									V. Stowell	2005-06-17										-18,46								V. Stowell	""	Antananarivo	Madagascar
Andersen-MY10	MY10	PRJNA318647	Caenorhabditis elegans	MY10						mixed	hermaphrodite	whole organism									H. Schulenburg	2002-07-01										51.96,7.53								H. Schulenburg	Münster	Nordrhein-Westfalen	Germany
Andersen-NIC1	NIC1	PRJNA318647	Caenorhabditis elegans	NIC1						mixed	hermaphrodite	whole organism									C. Braendle	2008-09-14										43.279,5.3543								C. Braendle	Marseille	Provence-Alpes-Côte d'Azur	France
Andersen-NIC197	NIC197	PRJNA318647	Caenorhabditis elegans	NIC197						mixed	hermaphrodite	whole organism									D. Bourc'his and J. Dumont	2011-08-23										38.39682,-28.25165								D. Bourc'his and J. Dumont	Lajes Do Pico	Azores	Portugal
Andersen-NIC207	NIC207	PRJNA318647	Caenorhabditis elegans	NIC207						mixed	hermaphrodite	whole organism									C. Braendle	2011-09-21										43.720505,7.24045								C. Braendle	Nice	Provence-Alpes-Côte d'Azur	France
Andersen-NIC3	NIC3	PRJNA318647	Caenorhabditis elegans	NIC3						mixed	hermaphrodite	whole organism									C. Braendle	2008-09-28										43.3636,5.3215								C. Braendle	Marseille	Provence-Alpes-Côte d'Azur	France
Andersen-QX1211	QX1211	PRJNA318647	Caenorhabditis elegans	QX1211						mixed	hermaphrodite	whole organism									M. Rockman	2007-11-26										37.7502,-122.4331								M. Rockman	San Francisco	California	United States
Andersen-QX1215	QX1215	PRJNA318647	Caenorhabditis elegans	QX1215						mixed	hermaphrodite	whole organism									M. Rockman	2007-11-26										37.7502,-122.4331								M. Rockman	San Francisco	California	United States
Andersen-CX11292	CX11292	PRJNA318647	Caenorhabditis elegans	CX11292						mixed	hermaphrodite	whole organism									A. Sivasundar	2004-02-01										34.13531,-118.30582							isolated in Griffith Park	A. Sivasundar	Los Angeles	California	United States
Andersen-DL200	DL200	PRJNA318647	Caenorhabditis elegans	DL200						mixed	hermaphrodite	whole organism									D. Denver	2007-12-01										9.03,38.74								D. Denver	Addis Ababa	Oromia	Ethiopia
Andersen-ECA248	ECA248	PRJNA318647	Caenorhabditis elegans	ECA248						mixed	hermaphrodite	whole organism									T. Doniach	1982-01-01										37.44,-122.14							Low copy Tc1, pattern VI		Palo Alto	California	United States
Andersen-ECA251	ECA251	PRJNA318647	Caenorhabditis elegans	ECA251						mixed	hermaphrodite	whole organism									E.M. Hedgecock	1973-06-01										34.1,-118.1							this is a stock of PA1 that was sent to the Emmons lab and found to have a low Tc1copy number (as compared to CB4555).		San Gabriel	California	United States
Andersen-ED3048	ED3048	PRJNA318647	Caenorhabditis elegans	ED3048						mixed	hermaphrodite	whole organism									E. Dolgin	2006-04-02										-33.366667,19.316667							Isolated from compost at a plant nursery at the Ceres Fruit Farms in the Western Cape province near Ceres	E. Dolgin	""	Western Cape	South Africa
Andersen-ED3073	ED3073	PRJNA318647	Caenorhabditis elegans	ED3073						mixed	hermaphrodite	whole organism									E. Dolgin	2006-05-17										-1.083333,36.65							Isolated from compost from the Olive Mushroom Farms near the town of Limuru, Kenya;  altitude 2356m	E. Dolgin	""	Nakuru	Kenya
Andersen-JU1172	JU1172	PRJNA318647	Caenorhabditis elegans	JU1172						mixed	hermaphrodite	whole organism									M-A. Felix	2007-04-01										-36.87,-73.04							Isolated from a sample of soil (compost) in a pot with rotting tomatoes collected in April 2007 in Concepcion, Chile, in the Villuco area, 3 km SE of the town.	M-A. Felix	Concepción	Región del Bío Bío	Chile
Andersen-JU1242	JU1242	PRJNA318647	Caenorhabditis elegans	JU1242						mixed	hermaphrodite	whole organism									M-A. Felix	2007-10-14										49.1269,1.9595							Isolated from a small black slug (Deroceras?) collected in Santeuil, Viosne valley, Val d’Oise, on 14 Oct 07 below the apple tree with apples #6&7. Not bleached.	M-A. Felix	Marines	Île-de-France	France
Andersen-JU1400	JU1400	PRJNA318647	Caenorhabditis elegans	JU1400						mixed	hermaphrodite	whole organism									M-A. Felix	2008-03-29										37.3845,-5.988							Isolated from rotting orange fruits, Garden Catalina de Ribera, Sevilla, Spain sampled on 29 Mar 08 by MAF. Not bleached.	M-A. Felix	Sevilla	Andalucía	Spain
Andersen-JU1516	JU1516	PRJNA318647	Caenorhabditis elegans	JU1516						mixed	hermaphrodite	whole organism									M-A. Felix	2008-09-09										48.7015,2.1725							Isolated from a rotting apple O13 (ca. 10 m from O11), sampled in the Orsay orchard on 9 Sep 2008 ca. 13:00, plated ca. 18:00, picked as adult on 10 Sep.	M-A. Felix	Orsay	Île-de-France	France
Andersen-JU1896	JU1896	PRJNA318647	Caenorhabditis elegans	JU1896						mixed	hermaphrodite	whole organism									M. Barkoulas	2010-01-02										37.999722,23.749673							Collected on 2 Jan 10 from rotten olives in Alsos Polygonou, Athens, Greece.	M. Barkoulas	Athens	Attica	Greece
Andersen-JU310	JU310	PRJNA318647	Caenorhabditis elegans	JU310						mixed	hermaphrodite	whole organism									M-A. Felix	2002-08-25										46.63,1.06							Le Blanc, Indre, France - vegetable garden compost pile, 25 Aug 02.	M-A. Felix	Le Blanc	Centre	France
Andersen-JU394	JU394	PRJNA318647	Caenorhabditis elegans	JU394						mixed	hermaphrodite	whole organism									A. Barriere	2002-09-01										49.28,-0.32							Hermanville (Calvados), France - compost pile, Sep 02.	A. Barriere	Hermanville-sur-Mer	Basse-Normandie	France
Andersen-JU642	JU642	PRJNA318647	Caenorhabditis elegans	JU642						mixed	hermaphrodite	whole organism									J-A Lepesant	2004-12-14										48.84,2.5								M-A. Felix	Le Perreux-sur-Marne	Île-de-France	France
Andersen-LSJ1	LSJ1	PRJNA318647	Caenorhabditis elegans	LSJ1						mixed	hermaphrodite	whole organism									W. Nicholas	1951-01-01										51.45,-2.59							Clonally related to N2, Maintained by E.C. Dougherty in axenic media until frozen in 1969	W. Nicholas	Bristol	England	United Kingdom
Andersen-NIC198	NIC198	PRJNA318647	Caenorhabditis elegans	NIC198						mixed	hermaphrodite	whole organism									D. Bourc'his and J. Dumont	2011-08-29										39.4364016,-31.23849								D. Bourc'his and J. Dumont		Azores	Portugal
Andersen-NIC231	NIC231	PRJNA318647	Caenorhabditis elegans	NIC231						mixed	hermaphrodite	whole organism									C. Braendle	2011-11-14										43.720505,7.24045								C. Braendle	Nice	Provence-Alpes-Côte d'Azur	France
Andersen-NIC4	NIC4	PRJNA318647	Caenorhabditis elegans	NIC4						mixed	hermaphrodite	whole organism									C. Braendle	2008-09-28										43.3636,5.3215								C. Braendle	Marseille	Provence-Alpes-Côte d'Azur	France
Andersen-QX1212	QX1212	PRJNA318647	Caenorhabditis elegans	QX1212						mixed	hermaphrodite	whole organism									M. Rockman	2007-11-26										37.7502,-122.4331								M. Rockman	San Francisco	California	United States
Andersen-QX1233	QX1233	PRJNA318647	Caenorhabditis elegans	QX1233						mixed	hermaphrodite	whole organism									M. Rockman	2007-11-24										37.8804,-122.2838								M. Rockman	Berkeley	California	United States
Andersen-WN2014	WN2014	PRJNA318647	Caenorhabditis elegans	WN2014						mixed	hermaphrodite	whole organism									J. Riksen	2008-06-26										51.954422,6.303406									Doetinchem	Gelderland	Netherlands
Andersen-CX11264	CX11264	PRJNA318647	Caenorhabditis elegans	CX11264						mixed	hermaphrodite	whole organism									A. Sivasundar	2003-09-01										34.130138,-118.114835							isolated in Huntington Gardens	A. Sivasundar	San Marino	California	United States
Andersen-CX11307	CX11307	PRJNA318647	Caenorhabditis elegans	CX11307						mixed	hermaphrodite	whole organism									A. Sivasundar	2013-09-03										34.12946,-118.10987							isolated in Huntington Gardens	A. Sivasundar	San Marino	California	United States
Andersen-ED3005	ED3005	PRJNA318647	Caenorhabditis elegans	ED3005						mixed	hermaphrodite	whole organism									A. Cutter	2004-10-25										55.94,-3.36							from a West Mains allotment public vegetable garden near Edinburgh Scotland	A. Cutter	Ingliston	Scotland	United Kingdom
Andersen-ED3052	ED3052	PRJNA318647	Caenorhabditis elegans	ED3052						mixed	hermaphrodite	whole organism									E. Dolgin	2006-05-05										-33.366667,19.316667							Isolated from compost at a plant nursery at the Ceres Fruit Farms in the Western Cape province near Ceres	E. Dolgin	""	Western Cape	South Africa
Andersen-EG4724	EG4724	PRJNA318647	Caenorhabditis elegans	EG4724						mixed	hermaphrodite	whole organism									M. Ailion	2007-03-28										41.6288,-8.3476								M. Ailion	Amares	Braga	Portugal
Andersen-JU1213	JU1213	PRJNA318647	Caenorhabditis elegans	JU1213						mixed	hermaphrodite	whole organism									M-A. Felix	2007-09-24										48.71,-3.81							Isolated by MAF from a rotting apple collected on 24 Sep 07 in Primel, France.	M-A. Felix	Plougasnou	Bretagne	France
Andersen-JU1409	JU1409	PRJNA318647	Caenorhabditis elegans	JU1409						mixed	hermaphrodite	whole organism									M-A. Felix	2008-03-31										37.468,-5.637							Isolated from rotting Opuntia ficus-indica cactus fruit, sampled next to the road below the Parador of Carmona, Spain on 31 Mar 08 by MAF (approx. 400 m from JU1400-8). Plated 3 Apr 08. Isolated as adult on 4 Apr 08 (large population). Not bleached, contaminants kept.	M-A. Felix	Carmona	Andalucía	Spain
Andersen-JU1568	JU1568	PRJNA318647	Caenorhabditis elegans	JU1568						mixed	hermaphrodite	whole organism									M-A. Felix	2008-10-05										48.8092,2.3862							Isolated from a rotting Petasites stem (#I5) in Ivry-sur-Seine (Val de Marne), France, sampled on 5 Oct 2008. Plated on 6 Oct. Isolated as an adult on 6 Oct.	M-A. Felix	Ivry-sur-Seine	Île-de-France	France
Andersen-JU311	JU311	PRJNA318647	Caenorhabditis elegans	JU311						mixed	hermaphrodite	whole organism									M-A. Felix	2002-09-08										44.42,4.4							Merlet, Lagorce (Ardèche), France. 8 Sep 02. Wash from snail tube - snails coming from under a tree full of ivy	M-A. Felix	Vallon-Pont-d'Arc	Rhône-Alpes	France
Andersen-JU397	JU397	PRJNA318647	Caenorhabditis elegans	JU397						mixed	hermaphrodite	whole organism									A. Barriere	2002-09-01										49.28,-0.32							Hermanville (Calvados), France - compost pile, Sep 02.	A. Barriere	Hermanville-sur-Mer	Basse-Normandie	France
Andersen-JU751	JU751	PRJNA318647	Caenorhabditis elegans	JU751						mixed	hermaphrodite	whole organism									J-A Lepesant	2005-06-08										48.84,2.5								M-A. Felix	Le Perreux-sur-Marne	Île-de-France	France
Andersen-KR314	KR314	PRJNA318647	Caenorhabditis elegans	KR314						mixed	hermaphrodite	whole organism									F. Dill	1984-05-01										49.28,-123.13								F. Dill	Vancouver	British Columbia	Canada
Andersen-NIC166	NIC166	PRJNA318647	Caenorhabditis elegans	NIC166						mixed	hermaphrodite	whole organism									C. Braendle	2007-07-27										46.72722,6.89775								C. Braendle	Valbroye	Vaud	Switzerland
Andersen-NIC195	NIC195	PRJNA318647	Caenorhabditis elegans	NIC195						mixed	hermaphrodite	whole organism									D. Bourc'his and J. Dumont	2011-08-22										38.545874,-28.37322								D. Bourc'his and J. Dumont	Santana	Azores	Portugal
Andersen-NIC237	NIC237	PRJNA318647	Caenorhabditis elegans	NIC237						mixed	hermaphrodite	whole organism									C. Braendle	2011-11-26										39.242006,-9.313417								C. Braendle	Lourinhã	Lisboa	Portugal
Andersen-QG536	QG536	PRJNA318647	Caenorhabditis elegans	QG536						mixed	hermaphrodite	whole organism									M. Rockman	2010-12-30										37.7502,-122.4331									San Francisco	California	United States
Andersen-QX1213	QX1213	PRJNA318647	Caenorhabditis elegans	QX1213						mixed	hermaphrodite	whole organism									M. Rockman	2007-11-26										37.7502,-122.4331								M. Rockman	San Francisco	California	United States
Andersen-RC301	RC301	PRJNA318647	Caenorhabditis elegans	RC301						mixed	hermaphrodite	whole organism									R. Cassada	1983-01-01										47.99,7.84							Reference WBG 9(3) 29 and 10(2) 140-141. npr-1 pka bor-1	R. Cassada	Freiburg im Breisgau	Baden-Württemberg	Germany
Andersen-WN2002	WN2002	PRJNA318647	Caenorhabditis elegans	WN2002						mixed	hermaphrodite	whole organism									J. Riksen	2007-11-20										51.975285,5.694834								J. Riksen	Wageningen	Gelderland	Netherlands
Andersen-WN2011	WN2011	PRJNA318647	Caenorhabditis elegans	WN2011						mixed	hermaphrodite	whole organism									J. Riksen	2008-06-26										51.954422,6.303406									Doetinchem	Gelderland	Netherlands
Andersen-WN2018	WN2018	PRJNA318647	Caenorhabditis elegans	WN2018						mixed	hermaphrodite	whole organism									J. Riksen	2008-06-26										51.954422,6.303406									Doetinchem	Gelderland	Netherlands
Andersen-ECA250	ECA250	PRJNA318647	Caenorhabditis elegans	ECA250						mixed	hermaphrodite	whole organism									E.M. Hedgecock	1972-11-01										34.096,-117.719							Low copy Tc1, pattern II		Claremont	California	United States
Andersen-ED3012	ED3012	PRJNA318647	Caenorhabditis elegans	ED3012						mixed	hermaphrodite	whole organism									A. Cutter	2004-11-26										55.92,-3.19							isolated from Midmar Allotment public vegetable garden (field 1 plot 39)	A. Cutter	Edinburgh	Scotland	United Kingdom
Andersen-GXW1	GXW1	PRJNA318647	Caenorhabditis elegans	GXW1						mixed	hermaphrodite	whole organism									G. Wang	2010-11-05										30.542889,114.419828							soil under kiwi fruit in botanical garden	G. Wang	Wuhan Shi	Hubei Sheng	China
Andersen-JU1212	JU1212	PRJNA318647	Caenorhabditis elegans	JU1212						mixed	hermaphrodite	whole organism									M-A. Felix	2007-09-24										48.71,-3.81							Isolated by MAF from a rotting arum stem collected on 24 Sep 07 behind the water reservoir in Primel, France.	M-A. Felix	Plougasnou	Bretagne	France
Andersen-JU1581	JU1581	PRJNA318647	Caenorhabditis elegans	JU1581						mixed	hermaphrodite	whole organism									M-A. Felix	2008-10-23										48.7015,2.1725							Isolated from rotting apple O134 (Calville d’Août) sampled by MAF in the Orsay (Essonne, France) orchard on 23 Oct 2008. Plated on 23 Oct, picked as a L2d on 23 Oct.	M-A. Felix	Orsay	Île-de-France	France
Andersen-JU393	JU393	PRJNA318647	Caenorhabditis elegans	JU393						mixed	hermaphrodite	whole organism									A. Barriere	2002-09-01										49.28,-0.32							Hermanville (Calvados), France - compost pile, Sep 02.	A. Barriere	Hermanville-sur-Mer	Basse-Normandie	France
Andersen-JU406	JU406	PRJNA318647	Caenorhabditis elegans	JU406						mixed	hermaphrodite	whole organism									A. Barriere	2002-12-30										49.28,-0.32							Hermanville (Calvados), France - compost pile - isolated 30 Dec 02.	A. Barriere	Hermanville-sur-Mer	Basse-Normandie	France
Andersen-N2	N2	PRJNA318647	Caenorhabditis elegans	N2						mixed	hermaphrodite	whole organism									W. Nicholas	1951-01-01										51.45,-2.59							Maintained by E.C. Dougherty in axenic media until sent to S. Brenner in 1964. Frozen in 1969.	W. Nicholas	Bristol	England	United Kingdom
Andersen-NIC199	NIC199	PRJNA318647	Caenorhabditis elegans	NIC199						mixed	hermaphrodite	whole organism									D. Bourc'his and J. Dumont	2011-03-09										37.745428,-25.19929								D. Bourc'his and J. Dumont	Faial da Terra	Azores	Portugal
Andersen-NIC236	NIC236	PRJNA318647	Caenorhabditis elegans	NIC236						mixed	hermaphrodite	whole organism									C. Braendle	2011-11-26										39.242006,-9.313417								C. Braendle	Lourinhã	Lisboa	Portugal
Andersen-PB303	PB303	PRJNA318647	Caenorhabditis elegans	PB303						mixed	hermaphrodite	whole organism									S. Baird	1998-11-14										""							Porcellio scaber obtained from Ward's Biological Supply	S. Baird	""	""	""
Andersen-PX179	PX179	PRJNA318647	Caenorhabditis elegans	PX179						mixed	hermaphrodite	whole organism									B. White	2001-10-02										44.035,-123.058							Isolated in northwest Hendricks Park, northwest rhododendron garden, Eugene, OR.	B. White	Eugene	Oregon	United States
Andersen-QG538	QG538	PRJNA318647	Caenorhabditis elegans	QG538						mixed	hermaphrodite	whole organism									M. Rockman	2010-12-30										37.7502,-122.4331									San Francisco	California	United States
Andersen-QX1214	QX1214	PRJNA318647	Caenorhabditis elegans	QX1214						mixed	hermaphrodite	whole organism									M. Rockman	2007-11-26										37.7502,-122.4331								M. Rockman	San Francisco	California	United States
Andersen-WN2001	WN2001	PRJNA318647	Caenorhabditis elegans	WN2001						mixed	hermaphrodite	whole organism									J. Riksen	2008-06-26										51.954422,6.303406									Doetinchem	Gelderland	Netherlands
Andersen-WN2017	WN2017	PRJNA318647	Caenorhabditis elegans	WN2017						mixed	hermaphrodite	whole organism									J. Riksen	2008-06-26										51.954422,6.303406									Doetinchem	Gelderland	Netherlands
Andersen-CB4854	CB4854	PRJNA318647	Caenorhabditis elegans	CB4854						mixed	hermaphrodite	whole organism									C.D. Johnson	1973-12-01										34.189,-118.131							CGC says Isolated in May 1974 from vegetable garden on Garfias St, Altadena, California USA, Noted as identical to CB3198 by Hodgkin and Doniach. Hodgkin and Doniach say isolated December 1973	C.D. Johnson	Altadena	California	United States
Andersen-CB4932	CB4932	PRJNA318647	Caenorhabditis elegans	CB4932						mixed	hermaphrodite	whole organism									P.S. Grewal	1991-01-01										51.02,-3.1							unique Tc1 pattern	P.S. Grewal	Taunton	England	United Kingdom
Andersen-CX11271	CX11271	PRJNA318647	Caenorhabditis elegans	CX11271						mixed	hermaphrodite	whole organism									A. Sivasundar	2003-09-01										34.13712,-118.12532							isolated at California Institue of Technology	A. Sivasundar	Pasadena	California	United States
Andersen-ED3040	ED3040	PRJNA318647	Caenorhabditis elegans	ED3040						mixed	hermaphrodite	whole organism									E. Dolgin	2006-05-05										-26.166667,28.016667							Isolated from compost from Jenny Pettifor's garden in the Paview neighborhood in Johannesburg, South Africa	E. Dolgin	Randburg	Gauteng	South Africa
Andersen-ED3077	ED3077	PRJNA318647	Caenorhabditis elegans	ED3077						mixed	hermaphrodite	whole organism									E. Dolgin	2006-05-17										-1.316667,36.8							solated from leaf litter from the Uhuru Gardens public park in the south part	E. Dolgin	""	Kajiado	Kenya
Andersen-EG4946	EG4946	PRJNA318647	Caenorhabditis elegans	EG4946						mixed	hermaphrodite	whole organism									G. Hollopeter	2007-09-27										40.72596,-111.82184								M. Ailion	Salt Lake City	Utah	United States
Andersen-JU1530	JU1530	PRJNA318647	Caenorhabditis elegans	JU1530						mixed	hermaphrodite	whole organism									M-A. Felix	2008-09-09										48.7015,2.1725							Isolated from a rotting apple O21 (tree “Wealthy”, like O20), sampled in the Orsay orchard on 9 Sep 2008 ca. 14:00, plated ca. 18:00, picked as adult ca. 20:00.	M-A. Felix	Orsay	Île-de-France	France
Andersen-JU1652	JU1652	PRJNA318647	Caenorhabditis elegans	JU1652						mixed	hermaphrodite	whole organism									R. Giordano	2009-01-01										-34.86,-56.19							Isolated from compost sampled in Montevideo, Uruguay		Montevideo	Departamento de Montevideo	Uruguay
Andersen-JU323	JU323	PRJNA318647	Caenorhabditis elegans	JU323						mixed	hermaphrodite	whole organism									M-A. Felix	2002-09-08										44.42,4.4							Merlet, Lagorce (Ardèche), France. 8 Sep 02. From a Helix snail #3 on the trunk of a mulberry tree (not the same snail as JU322).	M-A. Felix	Vallon-Pont-d'Arc	Rhone-Alpes	France
Andersen-JU367	JU367	PRJNA318647	Caenorhabditis elegans	JU367						mixed	hermaphrodite	whole organism									C. Pieau	2002-09-16										48.98,2.23							Franconville (Val d’Oise), France. Compost heap in Claude Pieau’s garden, 16 Sept 02.	M-A. Felix	Franconville	ÃÅ½le-de-France	France
Andersen-JU561	JU561	PRJNA318647	Caenorhabditis elegans	JU561						mixed	hermaphrodite	whole organism									M-A. Felix	2004-10-03										48.71,-3.81							Isolated from a sowbug found in the tube of compost from Hent ar Rhun, Finistère, France, on 3 Oct O4. Picked on 4 Oct 04.	M-A. Felix	Plougasnou	Bretagne	France
Andersen-JU774	JU774	PRJNA318647	Caenorhabditis elegans	JU774						mixed	hermaphrodite	whole organism									M-A. Felix	2005-07-10										38.683,-9.34								M-A. Felix	Carcavelos	Lisbon	Portugal
Andersen-JU847	JU847	PRJNA318647	Caenorhabditis elegans	JU847						mixed	hermaphrodite	whole organism									M-A. Felix	2005-10-03										48.46,7.461							Plated 4 Oct, picked as adult on 4 Oct .	M-A. Felix	Obernai	Alsace-Champagne-Ardenne-Lorraine	France
Andersen-MY18	MY18	PRJNA318647	Caenorhabditis elegans	MY18						mixed	hermaphrodite	whole organism									H. Schulenburg	2002-07-01										51.96,7.53								H. Schulenburg	Münster	Nordrhein-Westfalen	Germany
Andersen-NIC200	NIC200	PRJNA318647	Caenorhabditis elegans	NIC200						mixed	hermaphrodite	whole organism									D. Bourc'his and J. Dumont	2011-05-09										37.74942,-25.66489								D. Bourc'his and J. Dumont	Ponta Delgada	Azores	Portugal
Andersen-PS2025	PS2025	PRJNA318647	Caenorhabditis elegans	PS2025						mixed	hermaphrodite	whole organism									J. Demodena											34.19,-118.13								J. Demodena	Altadena	California	United States
Andersen-QG537	QG537	PRJNA318647	Caenorhabditis elegans	QG537						mixed	hermaphrodite	whole organism									M. Rockman	2010-12-30										37.7502,-122.4331									San Francisco	California	United States
Andersen-QG558	QG558	PRJNA318647	Caenorhabditis elegans	QG558						mixed	hermaphrodite	whole organism									A. Paaby	2011-06-27										34.421629,-119.702021									Santa Barbara	California	United States
Andersen-QX1216	QX1216	PRJNA318647	Caenorhabditis elegans	QX1216						mixed	hermaphrodite	whole organism									M. Rockman	2007-11-26										37.7502,-122.4331								M. Rockman	San Francisco	California	United States
Andersen-WN2010	WN2010	PRJNA318647	Caenorhabditis elegans	WN2010						mixed	hermaphrodite	whole organism									J. Riksen	2008-06-26										51.954422,6.303406									Doetinchem	Gelderland	Netherlands
Andersen-WN2013	WN2013	PRJNA318647	Caenorhabditis elegans	WN2013						mixed	hermaphrodite	whole organism									J. Riksen	2008-06-26										51.954422,6.303406									Doetinchem	Gelderland	Netherlands
Andersen-WN2016	WN2016	PRJNA318647	Caenorhabditis elegans	WN2016						mixed	hermaphrodite	whole organism									J. Riksen	2008-06-26										51.954422,6.303406									Doetinchem	Gelderland	Netherlands
Andersen-WN2019	WN2019	PRJNA318647	Caenorhabditis elegans	WN2019						mixed	hermaphrodite	whole organism									J. Riksen	2008-06-26										51.954422,6.303406									Doetinchem	Gelderland	Netherlands
Andersen-WN2020	WN2020	PRJNA318647	Caenorhabditis elegans	WN2020						mixed	hermaphrodite	whole organism									J. Riksen	2008-06-26										51.954422,6.303406									Doetinchem	Gelderland	Netherlands
Andersen-CX11262	CX11262	PRJNA318647	Caenorhabditis elegans	CX11262						mixed	hermaphrodite	whole organism									A. Sivasundar	2003-09-01										34.130138,-118.114835							isolated in Huntington Gardens	A. Sivasundar	San Marino	California	United States
Andersen-ECA245	ECA245	PRJNA318647	Caenorhabditis elegans	ECA245						mixed	hermaphrodite	whole organism									C.D. Johnson	1974-05-01										34.171,-118.131							Low copy Tc1; pattern III		Altadena	California	United States
Andersen-EG4349	EG4349	PRJNA318647	Caenorhabditis elegans	EG4349						mixed	hermaphrodite	whole organism									M. Ailion	2006-10-02										40.771467,-111.87316								M. Ailion	Salt Lake City	Utah	United States
Andersen-JU1395	JU1395	PRJNA318647	Caenorhabditis elegans	JU1395						mixed	hermaphrodite	whole organism									M-A. Felix	2008-03-01										47.2199,0.04619							Isolated from shiitake mushroom compost remains outside the mushroom farm “Le Saut-aux-Loups”, Montsoreau (49), France, sampled 1/3/2008. Not independent from JU1394.	M-A. Felix	Montsoreau	Pays de la Loire	France
Andersen-JU2001	JU2001	PRJNA318647	Caenorhabditis elegans	JU2001						mixed	hermaphrodite	whole organism									T. Belicard	2010-09-01										-21.1,55.5							Sampled in La Réunion in Sep 2010 by Tony Belicard	T. Belicard	""	Saint-Benoît	Reunion
Andersen-JU792	JU792	PRJNA318647	Caenorhabditis elegans	JU792						mixed	hermaphrodite	whole organism									M-A. Felix	2005-08-31										43.06,0.24								M-A. Felix	Fréchendets	Midi-Pyrénées	France
Andersen-WN2021	WN2021	PRJNA318647	Caenorhabditis elegans	WN2021						mixed	hermaphrodite	whole organism									J. Riksen	2008-06-26										51.954422,6.303406									Doetinchem	Gelderland	Netherlands
Andersen-JU2771	JU2771	PRJNA318647	Caenorhabditis elegans	JU2771						mixed	hermaphrodite	whole organism																				""											
Andersen-NIC508	NIC508	PRJNA318647	Caenorhabditis elegans	NIC508						mixed	hermaphrodite	whole organism																				""											
Andersen-BRC20263	BRC20263	PRJNA318647	Caenorhabditis elegans	BRC20263						mixed	hermaphrodite	whole organism																				""											
Andersen-XZ1513	XZ1513	PRJNA318647	Caenorhabditis elegans	XZ1513						mixed	hermaphrodite	whole organism																				""											
Andersen-JU2838	JU2838	PRJNA318647	Caenorhabditis elegans	JU2838						mixed	hermaphrodite	whole organism																				""											
Andersen-JU2829	JU2829	PRJNA318647	Caenorhabditis elegans	JU2829						mixed	hermaphrodite	whole organism																				""											
Andersen-JU1893	JU1893	PRJNA318647	Caenorhabditis elegans	JU1893						mixed	hermaphrodite	whole organism																				""											
Andersen-JU2611	JU2611	PRJNA318647	Caenorhabditis elegans	JU2611						mixed	hermaphrodite	whole organism																				""											
Andersen-JU2811	JU2811	PRJNA318647	Caenorhabditis elegans	JU2811						mixed	hermaphrodite	whole organism																				""											
Andersen-NIC1107	NIC1107	PRJNA318647	Caenorhabditis elegans	NIC1107						mixed	hermaphrodite	whole organism																				""											
Andersen-JU2605	JU2605	PRJNA318647	Caenorhabditis elegans	JU2605						mixed	hermaphrodite	whole organism																				""											
Andersen-JU2862	JU2862	PRJNA318647	Caenorhabditis elegans	JU2862						mixed	hermaphrodite	whole organism																				""											
Andersen-JU1808	JU1808	PRJNA318647	Caenorhabditis elegans	JU1808						mixed	hermaphrodite	whole organism																				""											
Andersen-JU2600	JU2600	PRJNA318647	Caenorhabditis elegans	JU2600						mixed	hermaphrodite	whole organism																				""											
Andersen-JU2527	JU2527	PRJNA318647	Caenorhabditis elegans	JU2527						mixed	hermaphrodite	whole organism																				""											
Andersen-JU2587	JU2587	PRJNA318647	Caenorhabditis elegans	JU2587						mixed	hermaphrodite	whole organism																				""											
Andersen-JU1793	JU1793	PRJNA318647	Caenorhabditis elegans	JU1793						mixed	hermaphrodite	whole organism																				""											
Andersen-NIC527	NIC527	PRJNA318647	Caenorhabditis elegans	NIC527						mixed	hermaphrodite	whole organism																				""											
Andersen-JU2461	JU2461	PRJNA318647	Caenorhabditis elegans	JU2461						mixed	hermaphrodite	whole organism																				""											
Andersen-JU2287	JU2287	PRJNA318647	Caenorhabditis elegans	JU2287						mixed	hermaphrodite	whole organism																				""											
Andersen-NIC526	NIC526	PRJNA318647	Caenorhabditis elegans	NIC526						mixed	hermaphrodite	whole organism																				""											
Andersen-NIC513	NIC513	PRJNA318647	Caenorhabditis elegans	NIC513						mixed	hermaphrodite	whole organism																				""											
Andersen-JU2016	JU2016	PRJNA318647	Caenorhabditis elegans	JU2016						mixed	hermaphrodite	whole organism																				""											
Andersen-NIC511	NIC511	PRJNA318647	Caenorhabditis elegans	NIC511						mixed	hermaphrodite	whole organism																				""											
Andersen-JU2576	JU2576	PRJNA318647	Caenorhabditis elegans	JU2576						mixed	hermaphrodite	whole organism																				""											
Andersen-JU2017	JU2017	PRJNA318647	Caenorhabditis elegans	JU2017						mixed	hermaphrodite	whole organism																				""											
Andersen-JU2578	JU2578	PRJNA318647	Caenorhabditis elegans	JU2578						mixed	hermaphrodite	whole organism																				""											
Andersen-BRC20113	BRC20113	PRJNA318647	Caenorhabditis elegans	BRC20113						mixed	hermaphrodite	whole organism																				""											
Andersen-JU2131	JU2131	PRJNA318647	Caenorhabditis elegans	JU2131						mixed	hermaphrodite	whole organism																				""											
Andersen-JU1929	JU1929	PRJNA318647	Caenorhabditis elegans	JU1929						mixed	hermaphrodite	whole organism																				""											
Andersen-JU1934	JU1934	PRJNA318647	Caenorhabditis elegans	JU1934						mixed	hermaphrodite	whole organism																				""											
Andersen-JU2565	JU2565	PRJNA318647	Caenorhabditis elegans	JU2565						mixed	hermaphrodite	whole organism																				""											
Andersen-JU2250	JU2250	PRJNA318647	Caenorhabditis elegans	JU2250						mixed	hermaphrodite	whole organism																				""											
Andersen-JU2825	JU2825	PRJNA318647	Caenorhabditis elegans	JU2825						mixed	hermaphrodite	whole organism																				""											
Andersen-JU2151	JU2151	PRJNA318647	Caenorhabditis elegans	JU2151						mixed	hermaphrodite	whole organism																				""											
Andersen-JU2592	JU2592	PRJNA318647	Caenorhabditis elegans	JU2592						mixed	hermaphrodite	whole organism																				""											
Andersen-JU1922	JU1922	PRJNA318647	Caenorhabditis elegans	JU1922						mixed	hermaphrodite	whole organism																				""											
Andersen-NIC514	NIC514	PRJNA318647	Caenorhabditis elegans	NIC514						mixed	hermaphrodite	whole organism																				""											
Andersen-JU2586	JU2586	PRJNA318647	Caenorhabditis elegans	JU2586						mixed	hermaphrodite	whole organism																				""											
Andersen-NIC523	NIC523	PRJNA318647	Caenorhabditis elegans	NIC523						mixed	hermaphrodite	whole organism																				""											
Andersen-JU1770	JU1770	PRJNA318647	Caenorhabditis elegans	JU1770						mixed	hermaphrodite	whole organism																				""											
Andersen-JU1792	JU1792	PRJNA318647	Caenorhabditis elegans	JU1792						mixed	hermaphrodite	whole organism																				""											
Andersen-JU2106	JU2106	PRJNA318647	Caenorhabditis elegans	JU2106						mixed	hermaphrodite	whole organism																				""											
Andersen-JU2572	JU2572	PRJNA318647	Caenorhabditis elegans	JU2572						mixed	hermaphrodite	whole organism																				""											
Andersen-XZ1516	XZ1516	PRJNA318647	Caenorhabditis elegans	XZ1516						mixed	hermaphrodite	whole organism																				""											
Andersen-JU2604	JU2604	PRJNA318647	Caenorhabditis elegans	JU2604						mixed	hermaphrodite	whole organism																				""											
Andersen-JU2575	JU2575	PRJNA318647	Caenorhabditis elegans	JU2575						mixed	hermaphrodite	whole organism																				""											
Andersen-JU1920	JU1920	PRJNA318647	Caenorhabditis elegans	JU1920						mixed	hermaphrodite	whole organism																				""											
Andersen-JU2570	JU2570	PRJNA318647	Caenorhabditis elegans	JU2570						mixed	hermaphrodite	whole organism																				""											
Andersen-JU1762	JU1762	PRJNA318647	Caenorhabditis elegans	JU1762						mixed	hermaphrodite	whole organism																				""											
Andersen-NIC521	NIC521	PRJNA318647	Caenorhabditis elegans	NIC521						mixed	hermaphrodite	whole organism																				""											
Andersen-JU2566	JU2566	PRJNA318647	Caenorhabditis elegans	JU2566						mixed	hermaphrodite	whole organism																				""											
Andersen-JU2141	JU2141	PRJNA318647	Caenorhabditis elegans	JU2141						mixed	hermaphrodite	whole organism																				""											
Andersen-NIC1049	NIC1049	PRJNA318647	Caenorhabditis elegans	NIC1049						mixed	hermaphrodite	whole organism																				""											
Andersen-NIC529	NIC529	PRJNA318647	Caenorhabditis elegans	NIC529						mixed	hermaphrodite	whole organism																				""											
Andersen-NIC528	NIC528	PRJNA318647	Caenorhabditis elegans	NIC528						mixed	hermaphrodite	whole organism																				""											
Andersen-XZ1515	XZ1515	PRJNA318647	Caenorhabditis elegans	XZ1515						mixed	hermaphrodite	whole organism																				""											
Andersen-BRC20231	BRC20231	PRJNA318647	Caenorhabditis elegans	BRC20231						mixed	hermaphrodite	whole organism																				""											
Andersen-JU2478	JU2478	PRJNA318647	Caenorhabditis elegans	JU2478						mixed	hermaphrodite	whole organism																				""											
Andersen-JU1807	JU1807	PRJNA318647	Caenorhabditis elegans	JU1807						mixed	hermaphrodite	whole organism																				""											
Andersen-JU1666	JU1666	PRJNA318647	Caenorhabditis elegans	JU1666						mixed	hermaphrodite	whole organism																				""											
Andersen-NIC501	NIC501	PRJNA318647	Caenorhabditis elegans	NIC501						mixed	hermaphrodite	whole organism																				""											
Andersen-JU2234	JU2234	PRJNA318647	Caenorhabditis elegans	JU2234						mixed	hermaphrodite	whole organism																				""											
Andersen-XZ1514	XZ1514	PRJNA318647	Caenorhabditis elegans	XZ1514						mixed	hermaphrodite	whole organism																				""											
Andersen-NIC522	NIC522	PRJNA318647	Caenorhabditis elegans	NIC522						mixed	hermaphrodite	whole organism																				""											
Andersen-JU345	JU345	PRJNA318647	Caenorhabditis elegans	JU345						mixed	hermaphrodite	whole organism																				""											
Andersen-JU2841	JU2841	PRJNA318647	Caenorhabditis elegans	JU2841						mixed	hermaphrodite	whole organism																				""											
Andersen-JU2830	JU2830	PRJNA318647	Caenorhabditis elegans	JU2830						mixed	hermaphrodite	whole organism																				""											
Andersen-JU2802	JU2802	PRJNA318647	Caenorhabditis elegans	JU2802						mixed	hermaphrodite	whole organism																				""											
Andersen-JU1924	JU1924	PRJNA318647	Caenorhabditis elegans	JU1924						mixed	hermaphrodite	whole organism																				""											
Andersen-NIC512	NIC512	PRJNA318647	Caenorhabditis elegans	NIC512						mixed	hermaphrodite	whole organism																				""											
Andersen-JU2139	JU2139	PRJNA318647	Caenorhabditis elegans	JU2139						mixed	hermaphrodite	whole organism																				""											
Andersen-JU2593	JU2593	PRJNA318647	Caenorhabditis elegans	JU2593						mixed	hermaphrodite	whole organism																				""											
Andersen-JU2460	JU2460	PRJNA318647	Caenorhabditis elegans	JU2460						mixed	hermaphrodite	whole organism																				""											
Andersen-JU1960	JU1960	PRJNA318647	Caenorhabditis elegans	JU1960						mixed	hermaphrodite	whole organism																				""											
Andersen-JU2800	JU2800	PRJNA318647	Caenorhabditis elegans	JU2800						mixed	hermaphrodite	whole organism																				""											
Andersen-JU2610	JU2610	PRJNA318647	Caenorhabditis elegans	JU2610						mixed	hermaphrodite	whole organism																				""											
Andersen-JU2534	JU2534	PRJNA318647	Caenorhabditis elegans	JU2534						mixed	hermaphrodite	whole organism																				""											
Andersen-JU2866	JU2866	PRJNA318647	Caenorhabditis elegans	JU2866						mixed	hermaphrodite	whole organism																				""											
Andersen-JU2581	JU2581	PRJNA318647	Caenorhabditis elegans	JU2581						mixed	hermaphrodite	whole organism																				""											
Andersen-JU2878	JU2878	PRJNA318647	Caenorhabditis elegans	JU2878						mixed	hermaphrodite	whole organism																				""											
Andersen-JU2879	JU2879	PRJNA318647	Caenorhabditis elegans	JU2879						mixed	hermaphrodite	whole organism																				""											
Andersen-JU312	JU312	PRJNA318647	Caenorhabditis elegans	JU312						mixed	hermaphrodite	whole organism									M-A. Felix	2002-09-08										44.42,4.4							Merlet, Lagorce (Ardèche), France. 8 Sep 02.Wash from snail tube - snails coming from under a tree full of ivy	M-A. Felix	Vallon-Pont-d'Arc	Auvergne Rhône-Alpes	France
Andersen-JU2257	JU2257	PRJNA318647	Caenorhabditis elegans	JU2257						mixed	hermaphrodite	whole organism																				""											
Andersen-JU1656	JU1656	PRJNA318647	Caenorhabditis elegans	JU1656						mixed	hermaphrodite	whole organism																				""											
Andersen-JU2619	JU2619	PRJNA318647	Caenorhabditis elegans	JU2619						mixed	hermaphrodite	whole organism																				""											
Andersen-JU2828	JU2828	PRJNA318647	Caenorhabditis elegans	JU2828						mixed	hermaphrodite	whole organism																				""											
Andersen-JU2860	JU2860	PRJNA318647	Caenorhabditis elegans	JU2860						mixed	hermaphrodite	whole organism																				""											
Andersen-NIC515	NIC515	PRJNA318647	Caenorhabditis elegans	NIC515						mixed	hermaphrodite	whole organism																				""											
Andersen-JU2853	JU2853	PRJNA318647	Caenorhabditis elegans	JU2853						mixed	hermaphrodite	whole organism																				""											
Andersen-ECA190	ECA190	PRJNA318647	Caenorhabditis elegans	ECA190						mixed	hermaphrodite	whole organism																				""											
Andersen-MY2004	MY2004	PRJNA318647	Caenorhabditis elegans	MY2004						mixed	hermaphrodite	whole organism																				""											
Andersen-MY2014	MY2014	PRJNA318647	Caenorhabditis elegans	MY2014						mixed	hermaphrodite	whole organism																				""											
Andersen-MY2022	MY2022	PRJNA318647	Caenorhabditis elegans	MY2022						mixed	hermaphrodite	whole organism																				""											
Andersen-MY2042	MY2042	PRJNA318647	Caenorhabditis elegans	MY2042						mixed	hermaphrodite	whole organism																				""											
Andersen-MY2138	MY2138	PRJNA318647	Caenorhabditis elegans	MY2138						mixed	hermaphrodite	whole organism																				""											
Andersen-MY2147	MY2147	PRJNA318647	Caenorhabditis elegans	MY2147						mixed	hermaphrodite	whole organism																				""											
Andersen-MY2282	MY2282	PRJNA318647	Caenorhabditis elegans	MY2282						mixed	hermaphrodite	whole organism																				""											
Andersen-MY2294	MY2294	PRJNA318647	Caenorhabditis elegans	MY2294						mixed	hermaphrodite	whole organism																				""											
Andersen-MY2339	MY2339	PRJNA318647	Caenorhabditis elegans	MY2339						mixed	hermaphrodite	whole organism																				""											
Andersen-MY2434	MY2434	PRJNA318647	Caenorhabditis elegans	MY2434						mixed	hermaphrodite	whole organism																				""											
Andersen-MY2502	MY2502	PRJNA318647	Caenorhabditis elegans	MY2502						mixed	hermaphrodite	whole organism																				""											
Andersen-MY2532	MY2532	PRJNA318647	Caenorhabditis elegans	MY2532						mixed	hermaphrodite	whole organism																				""											
Andersen-MY2535	MY2535	PRJNA318647	Caenorhabditis elegans	MY2535						mixed	hermaphrodite	whole organism																				""											
Andersen-MY2623	MY2623	PRJNA318647	Caenorhabditis elegans	MY2623						mixed	hermaphrodite	whole organism																				""											
Andersen-MY2635	MY2635	PRJNA318647	Caenorhabditis elegans	MY2635						mixed	hermaphrodite	whole organism																				""											
Andersen-MY2649	MY2649	PRJNA318647	Caenorhabditis elegans	MY2649						mixed	hermaphrodite	whole organism																				""											
Andersen-MY2693	MY2693	PRJNA318647	Caenorhabditis elegans	MY2693						mixed	hermaphrodite	whole organism																				""											
Andersen-MY2741	MY2741	PRJNA318647	Caenorhabditis elegans	MY2741						mixed	hermaphrodite	whole organism																				""											
Andersen-MY589	MY589	PRJNA318647	Caenorhabditis elegans	MY589						mixed	hermaphrodite	whole organism																				""											
Andersen-MY864	MY864	PRJNA318647	Caenorhabditis elegans	MY864						mixed	hermaphrodite	whole organism																				""											
Andersen-MY881	MY881	PRJNA318647	Caenorhabditis elegans	MY881						mixed	hermaphrodite	whole organism																				""											
Andersen-MY882	MY882	PRJNA318647	Caenorhabditis elegans	MY882						mixed	hermaphrodite	whole organism																				""											
Andersen-MY920	MY920	PRJNA318647	Caenorhabditis elegans	MY920						mixed	hermaphrodite	whole organism																				""											
Andersen-ECA192	ECA192	PRJNA318647	Caenorhabditis elegans	ECA192						mixed	hermaphrodite	whole organism																				""											
Andersen-MY2011	MY2011	PRJNA318647	Caenorhabditis elegans	MY2011						mixed	hermaphrodite	whole organism																				""											
Andersen-MY2054	MY2054	PRJNA318647	Caenorhabditis elegans	MY2054						mixed	hermaphrodite	whole organism																				""											
Andersen-MY2109	MY2109	PRJNA318647	Caenorhabditis elegans	MY2109						mixed	hermaphrodite	whole organism																				""											
Andersen-MY2121	MY2121	PRJNA318647	Caenorhabditis elegans	MY2121						mixed	hermaphrodite	whole organism																				""											
Andersen-MY2142	MY2142	PRJNA318647	Caenorhabditis elegans	MY2142						mixed	hermaphrodite	whole organism																				""											
Andersen-MY2144	MY2144	PRJNA318647	Caenorhabditis elegans	MY2144						mixed	hermaphrodite	whole organism																				""											
Andersen-MY2198	MY2198	PRJNA318647	Caenorhabditis elegans	MY2198						mixed	hermaphrodite	whole organism																				""											
Andersen-MY2208	MY2208	PRJNA318647	Caenorhabditis elegans	MY2208						mixed	hermaphrodite	whole organism																				""											
Andersen-MY2344	MY2344	PRJNA318647	Caenorhabditis elegans	MY2344						mixed	hermaphrodite	whole organism																				""											
Andersen-MY2443	MY2443	PRJNA318647	Caenorhabditis elegans	MY2443						mixed	hermaphrodite	whole organism																				""											
Andersen-MY2481	MY2481	PRJNA318647	Caenorhabditis elegans	MY2481						mixed	hermaphrodite	whole organism																				""											
Andersen-MY2491	MY2491	PRJNA318647	Caenorhabditis elegans	MY2491						mixed	hermaphrodite	whole organism																				""											
Andersen-MY2541	MY2541	PRJNA318647	Caenorhabditis elegans	MY2541						mixed	hermaphrodite	whole organism																				""											
Andersen-MY2579	MY2579	PRJNA318647	Caenorhabditis elegans	MY2579						mixed	hermaphrodite	whole organism																				""											
Andersen-MY2585	MY2585	PRJNA318647	Caenorhabditis elegans	MY2585						mixed	hermaphrodite	whole organism																				""											
Andersen-MY2681	MY2681	PRJNA318647	Caenorhabditis elegans	MY2681						mixed	hermaphrodite	whole organism																				""											
Andersen-MY2689	MY2689	PRJNA318647	Caenorhabditis elegans	MY2689						mixed	hermaphrodite	whole organism																				""											
Andersen-MY518	MY518	PRJNA318647	Caenorhabditis elegans	MY518						mixed	hermaphrodite	whole organism																				""											
Andersen-MY538	MY538	PRJNA318647	Caenorhabditis elegans	MY538						mixed	hermaphrodite	whole organism																				""											
Andersen-MY559	MY559	PRJNA318647	Caenorhabditis elegans	MY559						mixed	hermaphrodite	whole organism																				""											
Andersen-MY741	MY741	PRJNA318647	Caenorhabditis elegans	MY741						mixed	hermaphrodite	whole organism																				""											
Andersen-MY904	MY904	PRJNA318647	Caenorhabditis elegans	MY904						mixed	hermaphrodite	whole organism																				""											
Andersen-MY991	MY991	PRJNA318647	Caenorhabditis elegans	MY991						mixed	hermaphrodite	whole organism																				""											
Andersen-ECA189	ECA189	PRJNA318647	Caenorhabditis elegans	ECA189						mixed	hermaphrodite	whole organism																				""											
Andersen-ECA193	ECA193	PRJNA318647	Caenorhabditis elegans	ECA193						mixed	hermaphrodite	whole organism																				""											
Andersen-MY2050	MY2050	PRJNA318647	Caenorhabditis elegans	MY2050						mixed	hermaphrodite	whole organism																				""											
Andersen-MY2143	MY2143	PRJNA318647	Caenorhabditis elegans	MY2143						mixed	hermaphrodite	whole organism																				""											
Andersen-MY2199	MY2199	PRJNA318647	Caenorhabditis elegans	MY2199						mixed	hermaphrodite	whole organism																				""											
Andersen-MY2406	MY2406	PRJNA318647	Caenorhabditis elegans	MY2406						mixed	hermaphrodite	whole organism																				""											
Andersen-MY2573	MY2573	PRJNA318647	Caenorhabditis elegans	MY2573						mixed	hermaphrodite	whole organism																				""											
Andersen-MY2630	MY2630	PRJNA318647	Caenorhabditis elegans	MY2630						mixed	hermaphrodite	whole organism																				""											
Andersen-MY2636	MY2636	PRJNA318647	Caenorhabditis elegans	MY2636						mixed	hermaphrodite	whole organism																				""											
Andersen-MY2640	MY2640	PRJNA318647	Caenorhabditis elegans	MY2640						mixed	hermaphrodite	whole organism																				""											
Andersen-MY2679	MY2679	PRJNA318647	Caenorhabditis elegans	MY2679						mixed	hermaphrodite	whole organism																				""											
Andersen-MY2682	MY2682	PRJNA318647	Caenorhabditis elegans	MY2682						mixed	hermaphrodite	whole organism																				""											
Andersen-MY2688	MY2688	PRJNA318647	Caenorhabditis elegans	MY2688						mixed	hermaphrodite	whole organism																				""											
Andersen-MY2691	MY2691	PRJNA318647	Caenorhabditis elegans	MY2691						mixed	hermaphrodite	whole organism																				""											
Andersen-MY2713	MY2713	PRJNA318647	Caenorhabditis elegans	MY2713						mixed	hermaphrodite	whole organism																				""											
Andersen-MY508	MY508	PRJNA318647	Caenorhabditis elegans	MY508						mixed	hermaphrodite	whole organism																				""											
Andersen-MY570	MY570	PRJNA318647	Caenorhabditis elegans	MY570						mixed	hermaphrodite	whole organism																				""											
Andersen-MY579	MY579	PRJNA318647	Caenorhabditis elegans	MY579						mixed	hermaphrodite	whole organism																				""											
Andersen-MY710	MY710	PRJNA318647	Caenorhabditis elegans	MY710						mixed	hermaphrodite	whole organism																				""											
Andersen-MY713	MY713	PRJNA318647	Caenorhabditis elegans	MY713						mixed	hermaphrodite	whole organism																				""											
Andersen-MY772	MY772	PRJNA318647	Caenorhabditis elegans	MY772						mixed	hermaphrodite	whole organism																				""											
Andersen-MY792	MY792	PRJNA318647	Caenorhabditis elegans	MY792						mixed	hermaphrodite	whole organism																				""											
Andersen-MY819	MY819	PRJNA318647	Caenorhabditis elegans	MY819						mixed	hermaphrodite	whole organism																				""											
Andersen-MY965	MY965	PRJNA318647	Caenorhabditis elegans	MY965						mixed	hermaphrodite	whole organism																				""											
